年份,鄉鎮市區碼,區域名稱,醫院家數,病床總計,一般病床小計,特殊病床小計,精神病床小計,急性病床小計,慢性病床小計,急性一般病床,精神急性一般病床,慢性一般病床,精神慢性一般病床,慢性結核病床,漢生病病床,國際醫療病床,加護病床,燒傷病床,嬰兒病床,急診觀察床,其他觀察病床,安寧病床,慢性呼吸照護病床,亞急性呼吸照護病床,急性結核病床,精神科加護病床,手術恢復床,嬰兒床,血液透析床,燒傷加護病床,普通隔離病床,正壓隔離病床,負壓隔離病床,骨髓移植病床,性侵害犯罪加害人強制治療病床,腹膜透析床,急性後期照護病床,整合醫學急診後送病床,戒護病床,司法精神病床
101年,101,松山區,6,1434,938,496,189,799,139,749,50,0,139,0,0,0,57,0,37,69,0,0,84,0,0.0,0,15,92,142,,,,,,,,,,,
101年,102,大安區,5,1450,1066,384,0,1066,0,1066,0,0,0,0,0,0,60,4,23,63,3,0,37,0,0.0,0,19,52,123,,,,,,,,,,,
101年,109,大同區,2,3533,2663,870,594,2488,175,2069,419,0,175,0,0,0,182,2,40,136,12,20,186,40,0.0,0,29,70,153,,,,,,,,,,,
101年,110,中山區,4,1371,873,498,0,853,20,853,0,20,0,0,0,0,98,8,60,40,0,0,125,10,0.0,0,10,76,71,,,,,,,,,,,
101年,111,內湖區,3,2185,1632,553,118,1632,0,1514,118,0,0,0,0,0,121,11,46,49,23,15,72,24,0.0,0,40,46,106,,,,,,,,,,,
101年,112,南港區,1,35,30,5,0,30,0,30,0,0,0,0,0,0,0,0,0,5,0,0,0,0,0.0,0,0,0,0,,,,,,,,,,,
101年,115,士林區,1,919,586,333,25,586,0,561,25,0,0,0,0,0,74,4,25,61,0,0,0,0,0.0,0,15,49,105,,,,,,,,,,,
101年,116,北投區,5,5020,4204,816,600,3896,308,3513,383,91,217,0,0,0,331,10,41,103,6,36,54,28,0.0,0,52,39,116,,,,,,,,,,,
101年,117,信義區,2,837,545,292,25,545,0,520,25,0,0,0,0,0,59,0,17,21,0,20,72,15,0.0,0,13,15,60,,,,,,,,,,,
101年,118,中正區,3,2672,2066,606,68,2066,0,1998,68,0,0,0,0,0,240,14,48,122,6,17,0,15,0.0,0,54,20,70,,,,,,,,,,,
101年,119,萬華區,5,514,338,176,0,238,100,238,0,100,0,0,0,0,14,0,0,10,2,0,0,0,0.0,0,4,16,130,,,,,,,,,,,
101年,120,文山區,2,849,592,257,38,592,0,554,38,0,0,0,0,0,50,4,10,30,6,10,60,10,0.0,0,8,15,54,,,,,,,,,,,
101年,3101,板橋區,8,1649,966,683,28,966,0,938,28,0,0,0,0,0,94,4,22,56,8,0,200,46,0.0,0,16,35,202,,,,,,,,,,,
101年,3102,三重區,5,815,461,354,0,461,0,461,0,0,0,0,0,0,44,0,0,43,7,0,154,0,0.0,0,7,6,93,,,,,,,,,,,
101年,3103,永和區,4,535,310,225,0,310,0,310,0,0,0,0,0,0,24,0,8,13,3,0,87,0,0.0,0,7,32,51,,,,,,,,,,,
101年,3104,中和區,7,1202,825,377,35,825,0,790,35,0,0,0,0,0,66,0,12,42,6,10,114,0,0.0,0,13,28,86,,,,,,,,,,,
101年,3105,新店區,6,2204,1529,675,240,1188,341,1089,99,200,141,0,0,0,150,0,28,87,10,35,103,40,0.0,0,36,48,138,,,,,,,,,,,
101年,3106,新莊區,8,1732,1262,470,252,740,522,670,70,40,182,0,300,0,43,0,7,48,12,0,255,0,0.0,0,3,13,89,,,,,,,,,,,
101年,3107,樹林區,1,213,148,65,0,148,0,148,0,0,0,0,0,0,12,0,0,8,2,0,20,0,0.0,0,1,0,22,,,,,,,,,,,
101年,3108,鶯歌區,1,63,63,0,63,0,63,0,0,0,63,0,0,0,0,0,0,0,0,0,0,0,0.0,0,0,0,0,,,,,,,,,,,
101年,3109,三峽區,3,593,430,163,51,342,88,342,0,37,51,0,0,0,36,0,15,33,7,0,0,0,0.0,0,11,25,36,,,,,,,,,,,
101年,3110,淡水區,5,2031,1796,235,947,963,833,849,114,0,833,0,0,0,59,0,15,35,3,38,0,10,0.0,0,12,10,53,,,,,,,,,,,
101年,3111,汐止區,1,626,465,161,25,465,0,440,25,0,0,0,0,0,37,0,12,31,6,13,0,0,0.0,0,10,16,36,,,,,,,,,,,
101年,3112,瑞芳區,1,45,39,6,0,39,0,39,0,0,0,0,0,0,0,0,0,3,2,0,0,0,0.0,0,1,0,0,,,,,,,,,,,
101年,3113,土城區,4,355,155,200,0,155,0,155,0,0,0,0,0,0,10,0,0,5,0,0,168,0,0.0,0,2,0,15,,,,,,,,,,,
101年,3114,蘆洲區,1,41,20,21,0,20,0,20,0,0,0,0,0,0,0,0,0,3,1,0,17,0,0.0,0,0,0,0,,,,,,,,,,,
101年,3121,三芝區,1,85,85,0,85,0,85,0,0,0,85,0,0,0,0,0,0,0,0,0,0,0,0.0,0,0,0,0,,,,,,,,,,,
101年,3123,八里區,1,503,500,3,500,100,400,0,100,0,400,0,0,0,0,0,0,3,0,0,0,0,0.0,0,0,0,0,,,,,,,,,,,
101年,3127,金山區,1,59,46,13,0,46,0,46,0,0,0,0,0,0,0,0,0,5,0,0,0,0,0.0,0,0,0,8,,,,,,,,,,,
102年,101,松山區,6,1410,928,482,189,789,139,739,50,0,139,0,0,0,61,0,33,65,0,0,84,0,0.0,0,15,70,142,0.0,0.0,0.0,12.0,0.0,0.0,0.0,,,,
102年,102,大安區,5,1444,1064,380,0,1064,0,1064,0,0,0,0,0,0,62,0,23,63,3,0,37,0,0.0,0,19,52,115,4.0,0.0,0.0,2.0,0.0,0.0,0.0,,,,
102年,109,大同區,2,3446,2605,841,540,2472,133,2065,407,0,133,0,0,0,165,0,35,119,12,20,186,46,0.0,12,27,51,153,0.0,0.0,0.0,15.0,0.0,0.0,0.0,,,,
102年,110,中山區,4,1347,854,493,0,834,20,834,0,20,0,0,0,0,97,0,60,39,0,0,106,10,0.0,0,12,71,71,8.0,8.0,9.0,2.0,0.0,0.0,0.0,,,,
102年,111,內湖區,3,2121,1566,555,118,1566,0,1448,118,0,0,0,0,0,118,8,46,49,2,15,72,24,0.0,0,40,51,106,3.0,0.0,1.0,18.0,2.0,0.0,0.0,,,,
102年,112,南港區,1,35,30,5,0,30,0,30,0,0,0,0,0,0,0,0,0,5,0,0,0,0,0.0,0,0,0,0,0.0,0.0,0.0,0.0,0.0,0.0,0.0,,,,
102年,115,士林區,1,919,586,333,25,586,0,561,25,0,0,0,0,0,74,4,25,61,0,0,0,0,0.0,0,15,49,105,0.0,0.0,0.0,0.0,0.0,0.0,0.0,,,,
102年,116,北投區,5,5038,4066,972,663,3758,308,3312,446,91,217,0,0,0,325,10,41,97,6,36,54,28,0.0,0,52,39,116,6.0,90.0,37.0,24.0,11.0,0.0,0.0,,,,
102年,117,信義區,2,841,545,296,25,545,0,520,25,0,0,0,0,0,59,0,17,21,0,20,72,15,0.0,0,13,15,60,0.0,0.0,0.0,4.0,0.0,0.0,0.0,,,,
102年,118,中正區,3,2692,1910,782,68,1910,0,1842,68,0,0,0,0,0,260,10,48,122,0,17,0,15,0.0,0,54,20,70,4.0,97.0,0.0,51.0,14.0,0.0,0.0,,,,
102年,119,萬華區,5,523,317,206,0,238,79,238,0,79,0,0,0,0,14,0,0,10,2,0,30,0,0.0,0,4,16,130,0.0,0.0,0.0,0.0,0.0,0.0,0.0,,,,
102年,120,文山區,2,844,580,264,38,580,0,542,38,0,0,0,0,0,46,4,10,29,6,10,60,10,0.0,0,8,15,54,0.0,0.0,0.0,12.0,0.0,0.0,0.0,,,,
102年,3101,板橋區,8,1635,957,678,28,957,0,929,28,0,0,0,0,0,92,4,20,55,8,0,200,46,0.0,0,16,35,202,0.0,0.0,0.0,0.0,0.0,0.0,0.0,,,,
102年,3102,三重區,5,812,461,351,0,461,0,461,0,0,0,0,0,0,44,0,0,43,3,0,154,0,0.0,0,7,6,94,0.0,0.0,0.0,0.0,0.0,0.0,0.0,,,,
102年,3103,永和區,4,537,310,227,0,310,0,310,0,0,0,0,0,0,24,0,8,13,3,0,87,0,0.0,0,7,32,51,0.0,0.0,0.0,2.0,0.0,0.0,0.0,,,,
102年,3104,中和區,7,1207,825,382,35,825,0,790,35,0,0,0,0,0,61,0,12,42,6,10,114,10,0.0,0,13,28,86,0.0,0.0,0.0,0.0,0.0,0.0,0.0,,,,
102年,3105,新店區,6,2182,1529,653,240,1188,341,1089,99,200,141,0,0,0,150,0,28,87,10,29,103,32,0.0,0,20,48,138,0.0,0.0,0.0,8.0,0.0,0.0,0.0,,,,
102年,3106,新莊區,8,1643,1208,435,252,740,468,670,70,40,182,0,246,0,44,0,7,42,10,0,230,0,0.0,0,3,10,89,0.0,0.0,0.0,0.0,0.0,0.0,0.0,,,,
102年,3107,樹林區,1,213,148,65,0,148,0,148,0,0,0,0,0,0,12,0,0,8,2,0,20,0,0.0,0,1,0,22,0.0,0.0,0.0,0.0,0.0,0.0,0.0,,,,
102年,3108,鶯歌區,1,63,63,0,63,0,63,0,0,0,63,0,0,0,0,0,0,0,0,0,0,0,0.0,0,0,0,0,0.0,0.0,0.0,0.0,0.0,0.0,0.0,,,,
102年,3109,三峽區,3,593,430,163,51,342,88,342,0,37,51,0,0,0,36,0,15,33,7,0,0,0,0.0,0,11,25,36,0.0,0.0,0.0,0.0,0.0,0.0,0.0,,,,
102年,3110,淡水區,5,2031,1796,235,947,963,833,849,114,0,833,0,0,0,59,0,15,35,3,38,0,10,0.0,0,12,10,53,0.0,0.0,0.0,0.0,0.0,0.0,0.0,,,,
102年,3111,汐止區,1,622,465,157,25,465,0,440,25,0,0,0,0,0,33,0,12,31,6,13,0,0,0.0,0,10,16,36,0.0,0.0,0.0,0.0,0.0,0.0,0.0,,,,
102年,3112,瑞芳區,1,30,24,6,0,24,0,24,0,0,0,0,0,0,0,0,0,3,2,0,0,0,0.0,0,1,0,0,0.0,0.0,0.0,0.0,0.0,0.0,0.0,,,,
102年,3113,土城區,4,348,148,200,0,148,0,148,0,0,0,0,0,0,10,0,0,5,0,0,168,0,0.0,0,2,0,15,0.0,0.0,0.0,0.0,0.0,0.0,0.0,,,,
102年,3114,蘆洲區,1,41,20,21,0,20,0,20,0,0,0,0,0,0,0,0,0,3,1,0,17,0,0.0,0,0,0,0,0.0,0.0,0.0,0.0,0.0,0.0,0.0,,,,
102年,3121,三芝區,1,85,85,0,85,0,85,0,0,0,85,0,0,0,0,0,0,0,0,0,0,0,0.0,0,0,0,0,0.0,0.0,0.0,0.0,0.0,0.0,0.0,,,,
102年,3123,八里區,1,503,500,3,500,100,400,0,100,0,400,0,0,0,0,0,0,3,0,0,0,0,0.0,0,0,0,0,0.0,0.0,0.0,0.0,0.0,0.0,0.0,,,,
102年,3127,金山區,1,65,48,17,0,48,0,48,0,0,0,0,0,0,0,0,0,5,0,0,0,0,0.0,0,0,0,12,0.0,0.0,0.0,0.0,0.0,0.0,0.0,,,,
103年,101,松山區,5,1325,848,477,153,745,103,695,50,0,103,0,0,0,56,0,33,65,0,0,84,0,0.0,0,15,70,142,0.0,0.0,0.0,12.0,0.0,0.0,0.0,,,,
103年,102,大安區,5,1441,1064,377,0,1064,0,1064,0,0,0,0,0,0,62,0,23,63,0,0,37,0,0.0,0,19,52,115,4.0,0.0,0.0,2.0,0.0,0.0,0.0,,,,
103年,109,大同區,1,3212,2389,823,540,2256,133,1849,407,0,133,0,0,0,157,0,35,111,11,11,186,33,0.0,12,27,50,153,0.0,5.0,0.0,32.0,0.0,0.0,0.0,,,,
103年,110,中山區,4,1258,792,466,0,772,20,772,0,20,0,0,0,0,100,0,55,39,0,0,90,10,0.0,0,12,71,48,8.0,20.0,9.0,4.0,0.0,0.0,0.0,,,,
103年,111,內湖區,3,2115,1551,564,118,1551,0,1433,118,0,0,0,0,0,118,8,46,48,2,15,82,24,0.0,0,40,51,106,3.0,0.0,1.0,18.0,2.0,0.0,0.0,,,,
103年,112,南港區,1,35,30,5,0,30,0,30,0,0,0,0,0,0,0,0,0,5,0,0,0,0,0.0,0,0,0,0,0.0,0.0,0.0,0.0,0.0,0.0,0.0,,,,
103年,115,士林區,1,918,584,334,25,584,0,559,25,0,0,0,0,0,74,0,25,61,0,0,0,0,0.0,0,15,49,105,3.0,0.0,0.0,2.0,0.0,0.0,0.0,,,,
103年,116,北投區,6,5098,4150,948,708,3866,284,3375,491,67,217,0,0,0,325,10,41,97,6,36,32,28,0.0,0,54,39,116,6.0,90.0,33.0,24.0,11.0,0.0,0.0,,,,
103年,117,信義區,2,852,545,307,25,545,0,520,25,0,0,0,0,0,59,0,17,32,0,20,72,15,0.0,0,13,15,60,0.0,0.0,0.0,4.0,0.0,0.0,0.0,,,,
103年,118,中正區,4,2703,1922,781,68,1922,0,1854,68,0,0,0,0,0,260,10,48,122,0,17,0,15,0.0,0,54,20,70,4.0,96.0,0.0,51.0,14.0,0.0,0.0,,,,
103年,119,萬華區,4,456,250,206,0,171,79,171,0,79,0,0,0,0,14,0,0,10,2,0,30,0,0.0,0,4,16,130,0.0,0.0,0.0,0.0,0.0,0.0,0.0,,,,
103年,120,文山區,2,844,580,264,38,580,0,542,38,0,0,0,0,0,46,4,10,29,6,10,60,10,0.0,0,8,15,54,0.0,0.0,0.0,12.0,0.0,0.0,0.0,,,,
103年,3101,板橋區,8,1654,932,722,28,932,0,904,28,0,0,0,0,0,92,4,20,55,10,0,200,46,0.0,0,16,40,202,0.0,10.0,0.0,26.0,1.0,0.0,0.0,,,,
103年,3102,三重區,5,817,442,375,0,442,0,442,0,0,0,0,0,0,44,0,0,43,3,0,154,0,0.0,0,7,6,97,0.0,1.0,0.0,18.0,0.0,0.0,2.0,,,,
103年,3103,永和區,4,513,298,215,0,298,0,298,0,0,0,0,0,0,17,0,8,12,3,0,87,0,0.0,0,7,28,51,0.0,0.0,0.0,2.0,0.0,0.0,0.0,,,,
103年,3104,中和區,7,1266,884,382,35,884,0,849,35,0,0,0,0,0,61,0,12,42,6,10,114,10,0.0,0,13,28,86,0.0,0.0,0.0,0.0,0.0,0.0,0.0,,,,
103年,3105,新店區,6,2361,1667,694,240,1326,341,1227,99,200,141,0,0,0,158,0,28,91,10,29,103,32,0.0,0,21,50,150,0.0,4.0,0.0,16.0,2.0,0.0,0.0,,,,
103年,3106,新莊區,8,1619,1199,420,252,736,463,666,70,40,182,0,241,0,47,0,5,40,12,0,210,0,0.0,0,3,5,89,0.0,0.0,0.0,9.0,0.0,0.0,0.0,,,,
103年,3107,樹林區,1,213,148,65,0,148,0,148,0,0,0,0,0,0,12,0,0,8,2,0,20,0,0.0,0,1,0,22,0.0,0.0,0.0,0.0,0.0,0.0,0.0,,,,
103年,3108,鶯歌區,1,63,63,0,63,0,63,0,0,0,63,0,0,0,0,0,0,0,0,0,0,0,0.0,0,0,0,0,0.0,0.0,0.0,0.0,0.0,0.0,0.0,,,,
103年,3109,三峽區,2,542,379,163,0,342,37,342,0,37,0,0,0,0,36,0,15,33,7,0,0,0,0.0,0,11,25,36,0.0,0.0,0.0,0.0,0.0,0.0,0.0,,,,
103年,3110,淡水區,5,2033,1796,237,947,963,833,849,114,0,833,0,0,0,59,0,15,34,3,38,0,13,0.0,0,12,10,53,0.0,0.0,0.0,0.0,0.0,0.0,0.0,,,,
103年,3111,汐止區,1,626,465,161,25,465,0,440,25,0,0,0,0,0,37,0,12,31,6,13,0,0,0.0,0,10,16,36,0.0,0.0,0.0,0.0,0.0,0.0,0.0,,,,
103年,3112,瑞芳區,1,30,24,6,0,24,0,24,0,0,0,0,0,0,0,0,0,3,2,0,0,0,0.0,0,1,0,0,0.0,0.0,0.0,0.0,0.0,0.0,0.0,,,,
103年,3113,土城區,4,348,148,200,0,148,0,148,0,0,0,0,0,0,10,0,0,5,0,0,168,0,0.0,0,2,0,15,0.0,0.0,0.0,0.0,0.0,0.0,0.0,,,,
103年,3114,蘆洲區,1,41,20,21,0,20,0,20,0,0,0,0,0,0,0,0,0,3,1,0,17,0,0.0,0,0,0,0,0.0,0.0,0.0,0.0,0.0,0.0,0.0,,,,
103年,3121,三芝區,1,85,85,0,85,0,85,0,0,0,85,0,0,0,0,0,0,0,0,0,0,0,0.0,0,0,0,0,0.0,0.0,0.0,0.0,0.0,0.0,0.0,,,,
103年,3123,八里區,1,503,500,3,500,100,400,0,100,0,400,0,0,0,0,0,0,3,0,0,0,0,0.0,0,0,0,0,0.0,0.0,0.0,0.0,0.0,0.0,0.0,,,,
103年,3127,金山區,1,74,54,20,0,54,0,54,0,0,0,0,0,0,0,0,0,5,0,2,0,0,0.0,0,1,0,12,0.0,0.0,0.0,0.0,0.0,0.0,0.0,,,,
104年,101,松山區,5,1300,848,452,153,745,103,695,50,0,103,0,0,0,54,0,33,51,0,0,84,0,,0,15,67,138,0.0,0.0,0.0,10.0,0.0,0.0,0.0,,,,
104年,102,大安區,5,1402,1017,385,0,1017,0,1017,0,0,0,0,0,0,62,0,23,63,0,0,37,8,,0,19,52,115,4.0,0.0,0.0,2.0,0.0,0.0,0.0,,,,
104年,109,大同區,1,3187,2376,811,540,2243,133,1836,407,0,133,0,0,0,157,0,35,111,11,16,178,10,,12,26,50,156,0.0,15.0,0.0,34.0,0.0,0.0,0.0,,,,
104年,110,中山區,4,1268,814,454,0,794,20,794,0,20,0,0,0,0,100,0,55,39,0,0,90,0,,0,12,71,48,8.0,20.0,9.0,2.0,0.0,0.0,0.0,,,,
104年,111,內湖區,3,2164,1575,589,118,1575,0,1457,118,0,0,0,0,0,118,8,46,48,2,15,112,24,,0,40,46,106,3.0,0.0,1.0,18.0,2.0,0.0,0.0,,,,
104年,115,士林區,1,872,551,321,25,551,0,526,25,0,0,0,0,0,66,0,25,40,0,8,0,8,,0,15,49,105,3.0,0.0,0.0,2.0,0.0,0.0,0.0,,,,
104年,116,北投區,6,5116,4134,982,680,3850,284,3387,463,67,217,0,0,0,317,14,41,97,6,36,32,28,,0,54,39,148,12.0,90.0,33.0,24.0,11.0,0.0,0.0,,,,
104年,117,信義區,2,836,545,291,25,545,0,520,25,0,0,0,0,0,59,0,17,32,0,20,72,0,,0,12,15,60,0.0,0.0,0.0,4.0,0.0,0.0,0.0,,,,
104年,118,中正區,4,2681,1916,765,68,1916,0,1848,68,0,0,0,0,0,242,10,48,122,0,17,0,15,,0,56,20,70,4.0,96.0,0.0,51.0,14.0,0.0,0.0,,,,
104年,119,萬華區,4,422,244,178,0,165,79,165,0,79,0,0,0,0,8,0,0,10,8,0,30,0,,0,4,3,114,0.0,0.0,0.0,0.0,0.0,0.0,1.0,,,,
104年,120,文山區,2,856,592,264,38,592,0,554,38,0,0,0,0,0,46,4,10,29,6,10,60,10,,0,8,15,54,0.0,0.0,0.0,12.0,0.0,0.0,0.0,,,,
104年,3101,板橋區,7,1671,935,736,28,935,0,907,28,0,0,0,0,0,117,12,20,52,15,0,200,46,,0,17,40,216,0.0,0.0,0.0,0.0,1.0,0.0,0.0,,,,
104年,3102,三重區,4,714,342,372,0,342,0,342,0,0,0,0,0,0,48,10,0,21,3,0,154,0,,0,10,6,101,0.0,1.0,0.0,16.0,0.0,0.0,2.0,,,,
104年,3103,永和區,4,497,290,207,0,290,0,290,0,0,0,0,0,0,17,0,8,10,5,0,81,0,,0,7,26,51,0.0,0.0,0.0,2.0,0.0,0.0,0.0,,,,
104年,3104,中和區,5,1386,984,402,100,984,0,884,100,0,0,0,0,0,62,0,12,39,7,10,100,10,,0,18,28,111,0.0,0.0,0.0,5.0,0.0,0.0,0.0,,,,
104年,3105,新店區,6,2362,1687,675,240,1346,341,1247,99,200,141,0,0,0,158,0,28,71,11,29,103,32,,0,21,50,150,0.0,4.0,0.0,16.0,2.0,0.0,0.0,,,,
104年,3106,新莊區,8,1532,1144,388,252,721,423,651,70,40,182,0,201,0,47,0,5,35,12,0,182,0,,0,3,5,89,0.0,0.0,0.0,9.0,0.0,0.0,1.0,,,,
104年,3107,樹林區,1,212,148,64,0,148,0,148,0,0,0,0,0,0,12,0,0,8,1,0,20,0,,0,1,0,22,0.0,0.0,0.0,0.0,0.0,0.0,0.0,,,,
104年,3108,鶯歌區,1,63,63,0,63,0,63,0,0,0,63,0,0,0,0,0,0,0,0,0,0,0,,0,0,0,0,0.0,0.0,0.0,0.0,0.0,0.0,0.0,,,,
104年,3109,三峽區,2,542,379,163,0,342,37,342,0,37,0,0,0,0,36,0,15,33,7,0,0,0,,0,11,25,36,0.0,0.0,0.0,0.0,0.0,0.0,0.0,,,,
104年,3110,淡水區,5,2026,1779,247,947,946,833,832,114,0,833,0,0,0,59,0,18,22,7,28,0,13,,0,12,10,53,0.0,5.0,0.0,12.0,8.0,0.0,0.0,,,,
104年,3111,汐止區,1,628,465,163,25,465,0,440,25,0,0,0,0,0,39,0,12,31,6,13,0,0,,0,10,16,36,0.0,0.0,0.0,0.0,0.0,0.0,0.0,,,,
104年,3112,瑞芳區,1,30,24,6,0,24,0,24,0,0,0,0,0,0,0,0,0,3,2,0,0,0,,0,1,0,0,0.0,0.0,0.0,0.0,0.0,0.0,0.0,,,,
104年,3113,土城區,4,346,148,198,0,148,0,148,0,0,0,0,0,0,8,0,0,4,1,0,168,0,,0,2,0,15,0.0,0.0,0.0,0.0,0.0,0.0,0.0,,,,
104年,3114,蘆洲區,1,41,20,21,0,20,0,20,0,0,0,0,0,0,0,0,0,3,1,0,17,0,,0,0,0,0,0.0,0.0,0.0,0.0,0.0,0.0,0.0,,,,
104年,3121,三芝區,1,85,85,0,85,0,85,0,0,0,85,0,0,0,0,0,0,0,0,0,0,0,,0,0,0,0,0.0,0.0,0.0,0.0,0.0,0.0,0.0,,,,
104年,3123,八里區,1,503,500,3,500,100,400,0,100,0,400,0,0,0,0,0,0,3,0,0,0,0,,0,0,0,0,0.0,0.0,0.0,0.0,0.0,0.0,0.0,,,,
104年,3127,金山區,1,68,48,20,0,48,0,48,0,0,0,0,0,0,0,0,0,5,0,2,0,0,,0,1,0,12,0.0,0.0,0.0,0.0,0.0,0.0,0.0,,,,
105年,101,松山區,5,1301,848,453,153,745,103,695,50,0,103,0,0,0,54,0,33,51,0,0,84,0,,0,16,67,138,0.0,0.0,0.0,10.0,0.0,0.0,0.0,0.0,0.0,,
105年,102,大安區,5,1402,1013,389,0,1013,0,1013,0,0,0,0,0,0,62,0,23,63,0,0,37,8,,0,19,52,119,4.0,0.0,0.0,2.0,0.0,0.0,0.0,0.0,0.0,,
105年,109,大同區,1,3065,2259,806,498,2126,133,1761,365,0,133,0,0,0,170,0,35,80,11,16,179,12,,12,26,50,169,0.0,13.0,0.0,33.0,0.0,0.0,0.0,0.0,0.0,,
105年,110,中山區,4,1278,824,454,0,804,20,804,0,20,0,0,0,0,100,0,55,39,0,0,90,0,,0,12,71,48,8.0,20.0,9.0,2.0,0.0,0.0,0.0,0.0,0.0,,
105年,111,內湖區,3,2167,1574,593,118,1574,0,1456,118,0,0,0,0,0,128,8,46,42,2,15,112,24,,0,40,46,106,3.0,0.0,1.0,18.0,2.0,0.0,0.0,0.0,0.0,,
105年,115,士林區,1,832,543,289,25,543,0,518,25,0,0,0,0,0,62,0,21,40,0,8,0,8,,0,15,25,105,3.0,0.0,0.0,2.0,0.0,0.0,0.0,0.0,0.0,,
105年,116,北投區,6,5105,4132,973,680,3848,284,3385,463,67,217,0,0,0,311,14,41,97,6,34,32,28,,0,54,39,150,12.0,90.0,33.0,21.0,11.0,0.0,0.0,0.0,0.0,,
105年,117,信義區,2,828,545,283,25,545,0,520,25,0,0,0,0,0,58,0,17,25,0,20,72,0,,0,12,15,60,0.0,0.0,0.0,4.0,0.0,0.0,0.0,0.0,0.0,,
105年,118,中正區,3,2673,1891,782,68,1891,0,1823,68,0,0,0,0,0,260,10,48,122,0,17,0,15,,0,56,20,70,4.0,94.0,1.0,51.0,14.0,0.0,0.0,0.0,0.0,,
105年,119,萬華區,4,439,248,191,0,169,79,169,0,79,0,0,0,0,8,0,0,10,8,0,30,0,,0,4,3,127,0.0,0.0,0.0,0.0,0.0,0.0,1.0,0.0,0.0,,
105年,120,文山區,2,861,592,269,38,592,0,554,38,0,0,0,0,0,47,4,10,29,6,10,60,10,,0,12,15,54,0.0,0.0,0.0,12.0,0.0,0.0,0.0,0.0,0.0,,
105年,3101,板橋區,7,1821,974,847,28,974,0,946,28,0,0,0,0,0,117,12,20,51,75,15,200,46,,0,25,40,216,0.0,18.0,0.0,11.0,1.0,0.0,0.0,0.0,0.0,,
105年,3102,三重區,4,694,338,356,0,338,0,338,0,0,0,0,0,0,48,2,0,20,4,0,148,0,,0,10,3,101,0.0,1.0,0.0,17.0,0.0,0.0,2.0,0.0,0.0,,
105年,3103,永和區,3,397,270,127,0,270,0,270,0,0,0,0,0,0,17,0,8,10,4,0,24,0,,0,6,26,30,0.0,0.0,0.0,2.0,0.0,0.0,0.0,0.0,0.0,,
105年,3104,中和區,5,1381,984,397,100,984,0,884,100,0,0,0,0,0,72,0,12,35,11,10,100,10,,0,18,28,96,0.0,0.0,0.0,5.0,0.0,0.0,0.0,0.0,0.0,,
105年,3105,新店區,6,2408,1737,671,260,1396,341,1277,119,200,141,0,0,0,147,0,26,75,21,29,103,32,,0,22,45,149,0.0,4.0,0.0,16.0,2.0,0.0,0.0,0.0,0.0,,
105年,3106,新莊區,8,1558,1141,417,252,732,409,662,70,40,182,0,187,0,47,0,5,35,12,0,194,0,,0,9,5,100,0.0,0.0,0.0,9.0,0.0,0.0,1.0,0.0,0.0,,
105年,3107,樹林區,1,197,132,65,0,132,0,132,0,0,0,0,0,0,12,0,0,8,2,0,20,0,,0,1,0,22,0.0,0.0,0.0,0.0,0.0,0.0,0.0,0.0,0.0,,
105年,3108,鶯歌區,1,63,63,0,63,0,63,0,0,0,63,0,0,0,0,0,0,0,0,0,0,0,,0,0,0,0,0.0,0.0,0.0,0.0,0.0,0.0,0.0,0.0,0.0,,
105年,3109,三峽區,3,578,399,179,0,362,37,362,0,37,0,0,0,0,36,0,15,33,8,0,0,0,,0,11,25,51,0.0,0.0,0.0,0.0,0.0,0.0,0.0,0.0,0.0,,
105年,3110,淡水區,5,2032,1779,253,947,946,833,832,114,0,833,0,0,0,59,0,18,22,13,28,0,13,,0,12,10,53,0.0,5.0,0.0,12.0,8.0,0.0,0.0,0.0,0.0,,
105年,3111,汐止區,1,632,465,167,25,465,0,440,25,0,0,0,0,0,43,0,12,31,6,13,0,0,,0,10,16,36,0.0,0.0,0.0,0.0,0.0,0.0,0.0,0.0,0.0,,
105年,3112,瑞芳區,1,30,24,6,0,24,0,24,0,0,0,0,0,0,0,0,0,3,2,0,0,0,,0,1,0,0,0.0,0.0,0.0,0.0,0.0,0.0,0.0,0.0,0.0,,
105年,3113,土城區,4,345,142,203,0,142,0,142,0,0,0,0,0,0,8,0,0,2,3,0,168,0,,0,2,0,20,0.0,0.0,0.0,0.0,0.0,0.0,0.0,0.0,0.0,,
105年,3114,蘆洲區,1,41,20,21,0,20,0,20,0,0,0,0,0,0,0,0,0,0,4,0,17,0,,0,0,0,0,0.0,0.0,0.0,0.0,0.0,0.0,0.0,0.0,0.0,,
105年,3121,三芝區,1,87,85,2,85,0,85,0,0,0,85,0,0,0,0,0,0,0,2,0,0,0,,0,0,0,0,0.0,0.0,0.0,0.0,0.0,0.0,0.0,0.0,0.0,,
105年,3123,八里區,1,503,500,3,500,100,400,0,100,0,400,0,0,0,0,0,0,3,0,0,0,0,,0,0,0,0,0.0,0.0,0.0,0.0,0.0,0.0,0.0,0.0,0.0,,
105年,3127,金山區,1,70,48,22,0,48,0,48,0,0,0,0,0,0,0,0,0,5,2,2,0,0,,0,1,0,12,0.0,0.0,0.0,0.0,0.0,0.0,0.0,0.0,0.0,,
106年,101,松山區,5,1291,848,443,153,745,103,695,50,0,103,0,0,0,54,0,33,51,0,0,84,0,,0,16,57,138,0.0,0.0,0.0,10.0,0.0,0.0,0.0,0.0,0.0,,
106年,102,大安區,5,1396,1013,383,0,1013,0,1013,0,0,0,0,0,0,61,0,23,57,0,0,37,8,,0,20,52,119,4.0,0.0,0.0,2.0,0.0,0.0,0.0,0.0,0.0,,
106年,109,大同區,1,3014,2220,794,498,2087,133,1722,365,0,133,0,0,0,164,0,35,80,11,19,185,6,,12,26,50,169,0.0,9.0,0.0,28.0,0.0,0.0,0.0,0.0,0.0,,
106年,110,中山區,4,1278,824,454,0,804,20,804,0,20,0,0,0,0,100,0,55,39,0,0,90,0,,0,12,71,48,8.0,20.0,9.0,2.0,0.0,0.0,0.0,0.0,0.0,,
106年,111,內湖區,3,2192,1598,594,118,1598,0,1480,118,0,0,0,0,0,129,8,46,42,2,15,112,24,,0,40,46,106,3.0,0.0,1.0,18.0,2.0,0.0,0.0,0.0,0.0,,
106年,115,士林區,1,832,543,289,25,543,0,518,25,0,0,0,0,0,62,0,21,40,0,8,0,8,,0,15,25,105,3.0,0.0,0.0,2.0,0.0,0.0,0.0,0.0,0.0,,
106年,116,北投區,6,5154,4169,985,705,3885,284,3397,488,67,217,0,0,0,311,14,41,97,6,42,32,28,,0,54,39,150,12.0,94.0,33.0,21.0,11.0,0.0,0.0,0.0,0.0,,
106年,117,信義區,2,803,545,258,25,545,0,520,25,0,0,0,0,0,59,0,17,25,0,20,40,0,,0,18,15,60,0.0,0.0,0.0,4.0,0.0,0.0,0.0,0.0,0.0,,
106年,118,中正區,3,2660,1896,764,68,1896,0,1828,68,0,0,0,0,0,242,10,48,122,0,17,0,15,,0,56,20,70,4.0,96.0,1.0,49.0,14.0,0.0,0.0,0.0,0.0,,
106年,119,萬華區,4,439,248,191,0,169,79,169,0,79,0,0,0,0,8,0,0,10,8,0,30,0,,0,4,3,127,0.0,0.0,0.0,0.0,0.0,0.0,1.0,0.0,0.0,,
106年,120,文山區,2,861,592,269,38,592,0,554,38,0,0,0,0,0,47,4,10,29,6,10,60,10,,0,12,15,54,0.0,0.0,0.0,12.0,0.0,0.0,0.0,0.0,0.0,,
106年,3101,板橋區,7,1925,1062,863,48,1062,0,1014,48,0,0,0,0,0,117,12,20,49,85,15,200,54,,0,25,40,216,0.0,18.0,0.0,11.0,1.0,0.0,0.0,0.0,0.0,,
106年,3102,三重區,4,700,338,362,0,338,0,338,0,0,0,0,0,0,42,2,0,22,4,0,148,0,,0,10,3,111,0.0,1.0,0.0,17.0,0.0,0.0,2.0,0.0,0.0,,
106年,3103,永和區,3,401,270,131,0,270,0,270,0,0,0,0,0,0,21,0,8,10,4,0,24,0,,0,6,26,30,0.0,0.0,0.0,2.0,0.0,0.0,0.0,0.0,0.0,,
106年,3104,中和區,5,1389,984,405,100,984,0,884,100,0,0,0,0,0,72,0,12,35,10,10,100,10,,0,27,28,96,0.0,0.0,0.0,5.0,0.0,0.0,0.0,0.0,0.0,,
106年,3105,新店區,6,2469,1806,663,260,1465,341,1346,119,200,141,0,0,0,148,0,26,75,15,29,103,32,,0,22,45,154,0.0,4.0,0.0,8.0,2.0,0.0,0.0,0.0,0.0,,
106年,3106,新莊區,8,1532,1109,423,252,719,390,649,70,40,182,0,168,0,50,0,5,35,6,8,182,0,,0,11,5,100,0.0,0.0,0.0,9.0,0.0,0.0,1.0,11.0,0.0,,
106年,3107,樹林區,1,193,132,61,0,132,0,132,0,0,0,0,0,0,10,0,0,8,2,0,20,0,,0,1,0,20,0.0,0.0,0.0,0.0,0.0,0.0,0.0,0.0,0.0,,
106年,3108,鶯歌區,1,63,63,0,63,0,63,0,0,0,63,0,0,0,0,0,0,0,0,0,0,0,,0,0,0,0,0.0,0.0,0.0,0.0,0.0,0.0,0.0,0.0,0.0,,
106年,3109,三峽區,3,570,386,184,0,349,37,349,0,37,0,0,0,0,36,0,11,33,15,0,0,0,,0,11,25,51,0.0,0.0,0.0,2.0,0.0,0.0,0.0,0.0,0.0,,
106年,3110,淡水區,5,1987,1734,253,902,946,788,832,114,0,788,0,0,0,59,0,18,22,13,28,0,13,,0,12,10,53,0.0,5.0,0.0,12.0,8.0,0.0,0.0,0.0,0.0,,
106年,3111,汐止區,1,637,465,172,25,465,0,440,25,0,0,0,0,0,43,0,12,31,6,13,0,0,,0,10,16,41,0.0,0.0,0.0,0.0,0.0,0.0,0.0,0.0,0.0,,
106年,3112,瑞芳區,1,30,24,6,0,24,0,24,0,0,0,0,0,0,0,0,0,3,2,0,0,0,,0,1,0,0,0.0,0.0,0.0,0.0,0.0,0.0,0.0,0.0,0.0,,
106年,3113,土城區,4,345,142,203,0,142,0,142,0,0,0,0,0,0,8,0,0,2,3,0,168,0,,0,2,0,20,0.0,0.0,0.0,0.0,0.0,0.0,0.0,0.0,0.0,,
106年,3114,蘆洲區,1,41,20,21,0,20,0,20,0,0,0,0,0,0,0,0,0,0,4,0,17,0,,0,0,0,0,0.0,0.0,0.0,0.0,0.0,0.0,0.0,0.0,0.0,,
106年,3116,泰山區,1,249,168,81,0,168,0,168,0,0,0,0,0,0,20,0,5,23,0,0,0,0,,0,10,5,12,0.0,0.0,0.0,6.0,0.0,0.0,0.0,0.0,0.0,,
106年,3121,三芝區,1,87,85,2,85,0,85,0,0,0,85,0,0,0,0,0,0,0,2,0,0,0,,0,0,0,0,0.0,0.0,0.0,0.0,0.0,0.0,0.0,0.0,0.0,,
106年,3123,八里區,1,515,500,15,500,100,400,0,100,0,400,0,0,0,0,0,0,3,12,0,0,0,,0,0,0,0,0.0,0.0,0.0,0.0,0.0,0.0,0.0,0.0,0.0,,
106年,3127,金山區,1,70,48,22,0,48,0,48,0,0,0,0,0,0,0,0,0,5,2,2,0,0,,0,1,0,12,0.0,0.0,0.0,0.0,0.0,0.0,0.0,0.0,0.0,,
107年,101,松山區,5,1291,848,443,153,745,103,695,50,0,103,0,0,0,54,0,33,51,0,0,84,0,,0,16,57,138,0.0,0.0,0.0,10.0,0.0,0.0,0.0,0.0,0.0,,
107年,102,大安區,6,1414,1032,382,0,1032,0,1032,0,0,0,0,0,0,69,0,23,57,0,0,37,0,,0,21,52,117,4.0,0.0,0.0,2.0,0.0,0.0,0.0,0.0,0.0,,
107年,109,大同區,1,3103,2323,780,498,2190,133,1825,365,0,133,0,0,0,155,0,30,80,11,22,185,0,,12,26,50,167,0.0,9.0,0.0,33.0,0.0,0.0,0.0,0.0,0.0,,
107年,110,中山區,4,1282,833,449,0,813,20,813,0,20,0,0,0,0,100,0,55,39,0,0,90,0,,0,12,66,48,8.0,20.0,9.0,2.0,0.0,0.0,0.0,0.0,0.0,,
107年,111,內湖區,3,2241,1610,631,118,1610,0,1492,118,0,0,0,0,0,126,8,46,42,2,15,152,24,,0,40,46,106,3.0,0.0,1.0,18.0,2.0,0.0,0.0,0.0,0.0,,
107年,115,士林區,1,833,543,290,25,543,0,518,25,0,0,0,0,0,62,0,21,40,0,8,0,8,,0,16,25,105,3.0,0.0,0.0,2.0,0.0,0.0,0.0,0.0,0.0,,
107年,116,北投區,6,5060,4071,989,704,3787,284,3300,487,67,217,0,0,0,313,14,41,97,6,44,32,28,,0,54,39,150,12.0,94.0,33.0,21.0,11.0,0.0,0.0,0.0,0.0,,
107年,117,信義區,1,741,525,216,25,525,0,500,25,0,0,0,0,0,59,0,17,25,0,14,0,0,,0,18,15,60,0.0,4.0,0.0,4.0,0.0,0.0,0.0,0.0,0.0,,
107年,118,中正區,3,2668,1888,780,68,1888,0,1820,68,0,0,0,0,0,260,10,48,120,0,17,0,15,,0,56,20,70,4.0,96.0,1.0,49.0,14.0,0.0,0.0,0.0,0.0,,
107年,119,萬華區,4,440,248,192,0,169,79,169,0,79,0,0,0,0,8,0,0,10,6,0,30,0,,0,7,3,127,0.0,0.0,0.0,0.0,0.0,0.0,1.0,0.0,0.0,,
107年,120,文山區,2,861,592,269,38,592,0,554,38,0,0,0,0,0,47,4,10,29,6,10,60,10,,0,12,15,54,0.0,0.0,0.0,12.0,0.0,0.0,0.0,0.0,0.0,,
107年,3101,板橋區,7,1943,1053,890,50,1053,0,1003,50,0,0,0,0,0,119,12,20,49,85,16,200,54,,0,24,25,216,0.0,18.0,0.0,11.0,1.0,0.0,0.0,0.0,40.0,,
107年,3102,三重區,4,729,378,351,0,378,0,378,0,0,0,0,0,0,42,2,0,20,4,0,130,0,,0,10,3,120,0.0,1.0,0.0,17.0,0.0,0.0,2.0,0.0,0.0,,
107年,3103,永和區,2,363,250,113,0,250,0,250,0,0,0,0,0,0,21,0,8,10,3,0,24,0,,0,5,10,30,0.0,0.0,0.0,2.0,0.0,0.0,0.0,0.0,0.0,,
107年,3104,中和區,5,1393,998,395,100,998,0,898,100,0,0,0,0,0,78,0,12,35,10,10,84,10,,0,27,28,96,0.0,0.0,0.0,5.0,0.0,0.0,0.0,0.0,0.0,,
107年,3105,新店區,7,2584,1856,728,260,1515,341,1396,119,200,141,0,0,0,149,0,26,75,14,20,183,24,,0,24,45,154,0.0,4.0,0.0,8.0,2.0,0.0,0.0,0.0,0.0,,
107年,3106,新莊區,8,1518,1102,416,252,712,390,642,70,40,182,0,168,0,50,0,5,33,6,8,169,0,,0,11,5,108,0.0,0.0,0.0,9.0,0.0,0.0,1.0,11.0,0.0,,
107年,3107,樹林區,1,193,132,61,0,132,0,132,0,0,0,0,0,0,10,0,0,8,2,0,20,0,,0,1,0,20,0.0,0.0,0.0,0.0,0.0,0.0,0.0,0.0,0.0,,
107年,3108,鶯歌區,1,63,63,0,63,0,63,0,0,0,63,0,0,0,0,0,0,0,0,0,0,0,,0,0,0,0,0.0,0.0,0.0,0.0,0.0,0.0,0.0,0.0,0.0,,
107年,3109,三峽區,3,571,386,185,0,349,37,349,0,37,0,0,0,0,36,0,11,33,15,0,0,0,,0,12,25,51,0.0,0.0,0.0,2.0,0.0,0.0,0.0,0.0,0.0,,
107年,3110,淡水區,5,1987,1734,253,902,946,788,832,114,0,788,0,0,0,59,0,18,22,13,28,0,13,,0,12,10,53,0.0,5.0,0.0,12.0,8.0,0.0,0.0,0.0,0.0,,
107年,3111,汐止區,1,635,465,170,25,465,0,440,25,0,0,0,0,0,41,0,12,31,6,13,0,0,,0,10,16,41,0.0,0.0,0.0,0.0,0.0,0.0,0.0,0.0,0.0,,
107年,3112,瑞芳區,1,30,24,6,0,24,0,24,0,0,0,0,0,0,0,0,0,3,2,0,0,0,,0,1,0,0,0.0,0.0,0.0,0.0,0.0,0.0,0.0,0.0,0.0,,
107年,3113,土城區,4,358,155,203,0,155,0,155,0,0,0,0,0,0,8,0,0,2,3,0,168,0,,0,2,0,20,0.0,0.0,0.0,0.0,0.0,0.0,0.0,0.0,0.0,,
107年,3114,蘆洲區,1,41,20,21,0,20,0,20,0,0,0,0,0,0,0,0,0,0,4,0,17,0,,0,0,0,0,0.0,0.0,0.0,0.0,0.0,0.0,0.0,0.0,0.0,,
107年,3116,泰山區,1,451,338,113,0,338,0,338,0,0,0,0,0,0,30,0,5,23,0,0,0,0,,0,10,10,29,0.0,0.0,0.0,6.0,0.0,0.0,0.0,0.0,0.0,,
107年,3121,三芝區,1,87,85,2,85,0,85,0,0,0,85,0,0,0,0,0,0,0,2,0,0,0,,0,0,0,0,0.0,0.0,0.0,0.0,0.0,0.0,0.0,0.0,0.0,,
107年,3123,八里區,1,503,500,3,500,150,350,0,150,0,350,0,0,0,0,0,0,3,0,0,0,0,,0,0,0,0,0.0,0.0,0.0,0.0,0.0,0.0,0.0,0.0,0.0,,
107年,3127,金山區,1,70,48,22,0,48,0,48,0,0,0,0,0,0,0,0,0,5,2,2,0,0,,0,1,0,12,0.0,0.0,0.0,0.0,0.0,0.0,0.0,0.0,0.0,,
108年,101,松山區,5,1250,807,443,153,704,103,654,50,0,103,0,0,0,54,0,33,51,0,0,84,0,,0,16,57,138,0.0,0.0,0.0,10.0,0.0,0.0,0.0,0.0,0.0,,
108年,102,大安區,6,1408,1017,391,0,1017,0,1017,0,0,0,0,0,0,78,0,23,42,0,0,37,8,,0,28,52,117,4.0,0.0,0.0,2.0,0.0,0.0,0.0,0.0,0.0,,
108年,109,大同區,1,3080,2317,763,498,2184,133,1819,365,0,133,0,0,0,133,0,30,80,11,27,185,0,,12,26,50,167,0.0,9.0,0.0,33.0,0.0,0.0,0.0,0.0,0.0,,
108年,110,中山區,4,1234,804,430,0,784,20,784,0,20,0,0,0,0,100,0,55,39,0,0,90,0,,0,12,62,48,8.0,14.0,0.0,2.0,0.0,0.0,0.0,0.0,0.0,,
108年,111,內湖區,3,2259,1620,639,118,1620,0,1502,118,0,0,0,0,0,127,8,46,47,2,15,152,24,,0,40,46,108,3.0,0.0,1.0,18.0,2.0,0.0,0.0,0.0,0.0,,
108年,115,士林區,1,833,543,290,25,543,0,518,25,0,0,0,0,0,62,0,21,40,0,8,0,8,,0,16,25,105,3.0,0.0,0.0,2.0,0.0,0.0,0.0,0.0,0.0,,
108年,116,北投區,6,4863,3923,940,678,3639,284,3178,461,67,217,0,0,0,278,14,41,97,6,44,32,28,,0,49,39,150,12.0,86.0,33.0,21.0,10.0,0.0,0.0,0.0,0.0,,
108年,117,信義區,1,727,525,202,25,525,0,500,25,0,0,0,0,0,59,0,12,25,0,10,0,0,,0,18,10,60,0.0,4.0,0.0,4.0,0.0,0.0,0.0,0.0,0.0,,
108年,118,中正區,3,2690,1927,763,68,1927,0,1859,68,0,0,0,0,0,261,10,48,120,0,17,0,15,,0,56,20,52,4.0,94.0,1.0,51.0,14.0,0.0,0.0,0.0,0.0,,
108年,119,萬華區,4,440,248,192,0,169,79,169,0,79,0,0,0,0,8,0,0,10,6,0,30,0,,0,7,3,127,0.0,0.0,0.0,0.0,0.0,0.0,1.0,0.0,0.0,,
108年,120,文山區,2,861,592,269,38,592,0,554,38,0,0,0,0,0,47,4,10,29,6,10,60,10,,0,12,15,54,0.0,0.0,0.0,12.0,0.0,0.0,0.0,0.0,0.0,,
108年,3101,板橋區,7,1959,1064,895,50,1064,0,1014,50,0,0,0,0,0,119,12,24,49,85,16,200,52,,0,24,25,216,0.0,18.0,0.0,11.0,4.0,0.0,0.0,0.0,40.0,,
108年,3102,三重區,4,780,425,355,0,425,0,425,0,0,0,0,0,0,42,2,0,20,4,0,130,0,,0,10,3,124,0.0,1.0,0.0,17.0,0.0,0.0,2.0,0.0,0.0,,
108年,3103,永和區,2,363,250,113,0,250,0,250,0,0,0,0,0,0,21,0,8,10,3,0,24,0,,0,5,10,30,0.0,0.0,0.0,2.0,0.0,0.0,0.0,0.0,0.0,,
108年,3104,中和區,5,1398,998,400,100,998,0,898,100,0,0,0,0,0,78,0,12,35,10,10,84,6,,0,27,28,104,0.0,0.0,0.0,5.0,1.0,0.0,0.0,0.0,0.0,,
108年,3105,新店區,7,2603,1876,727,260,1535,341,1416,119,200,141,0,0,0,149,0,22,70,14,20,182,24,,0,25,38,169,0.0,4.0,0.0,8.0,2.0,0.0,0.0,0.0,0.0,,
108年,3106,新莊區,8,1526,1102,424,252,712,390,642,70,40,182,0,168,0,50,0,5,33,6,8,169,0,,0,11,5,116,0.0,0.0,0.0,9.0,0.0,0.0,1.0,11.0,0.0,,
108年,3107,樹林區,1,189,132,57,0,132,0,132,0,0,0,0,0,0,6,0,0,8,2,0,20,0,,0,1,0,20,0.0,0.0,0.0,0.0,0.0,0.0,0.0,0.0,0.0,,
108年,3108,鶯歌區,1,63,63,0,63,0,63,0,0,0,63,0,0,0,0,0,0,0,0,0,0,0,,0,0,0,0,0.0,0.0,0.0,0.0,0.0,0.0,0.0,0.0,0.0,,
108年,3109,三峽區,3,571,386,185,0,349,37,349,0,37,0,0,0,0,36,0,11,33,15,0,0,0,,0,12,25,51,0.0,0.0,0.0,2.0,0.0,0.0,0.0,0.0,0.0,,
108年,3110,淡水區,4,1680,1428,252,719,805,623,709,96,0,623,0,0,0,59,0,18,22,13,28,0,13,,0,11,10,53,0.0,5.0,0.0,12.0,8.0,0.0,0.0,0.0,0.0,,
108年,3111,汐止區,1,635,461,174,25,461,0,436,25,0,0,0,0,0,41,0,12,31,6,13,0,0,,0,10,16,41,0.0,0.0,0.0,4.0,0.0,0.0,0.0,0.0,0.0,,
108年,3112,瑞芳區,1,30,24,6,0,24,0,24,0,0,0,0,0,0,0,0,0,3,2,0,0,0,,0,1,0,0,0.0,0.0,0.0,0.0,0.0,0.0,0.0,0.0,0.0,,
108年,3113,土城區,4,357,155,202,0,155,0,155,0,0,0,0,0,0,8,0,0,1,3,0,168,0,,0,2,0,20,0.0,0.0,0.0,0.0,0.0,0.0,0.0,0.0,0.0,,
108年,3114,蘆洲區,1,36,19,17,0,19,0,19,0,0,0,0,0,0,0,0,0,0,0,0,17,0,,0,0,0,0,0.0,0.0,0.0,0.0,0.0,0.0,0.0,0.0,0.0,,
108年,3116,泰山區,1,554,431,123,0,431,0,431,0,0,0,0,0,0,35,0,8,23,0,0,0,0,,0,12,10,29,0.0,0.0,0.0,6.0,0.0,0.0,0.0,0.0,0.0,,
108年,3121,三芝區,1,87,85,2,85,0,85,0,0,0,85,0,0,0,0,0,0,0,2,0,0,0,,0,0,0,0,0.0,0.0,0.0,0.0,0.0,0.0,0.0,0.0,0.0,,
108年,3123,八里區,1,503,500,3,500,150,350,0,150,0,350,0,0,0,0,0,0,3,0,0,0,0,,0,0,0,0,0.0,0.0,0.0,0.0,0.0,0.0,0.0,0.0,0.0,,
108年,3127,金山區,1,70,48,22,0,48,0,48,0,0,0,0,0,0,0,0,0,5,2,2,0,0,,0,1,0,12,0.0,0.0,0.0,0.0,0.0,0.0,0.0,0.0,0.0,,
109年,101,松山區,5,1276,833,443,153,730,103,680,50,0,103,0,0,0,54,0,33,51,0,0,84,0,,0,16,57,138,0.0,0.0,0.0,10.0,0.0,0.0,0.0,0.0,0.0,,
109年,102,大安區,6,1619,1154,465,0,1154,0,1154,0,0,0,0,0,0,84,0,23,61,0,0,37,8,,0,41,50,117,4.0,0.0,0.0,10.0,30.0,0.0,0.0,0.0,0.0,,
109年,109,大同區,1,3071,2313,758,498,2180,133,1815,365,0,133,0,0,0,128,0,30,80,11,27,185,0,,12,26,50,167,0.0,9.0,0.0,33.0,0.0,0.0,0.0,0.0,0.0,,
109年,110,中山區,4,1117,804,313,0,784,20,784,0,20,0,0,0,0,92,0,55,39,0,0,0,0,,0,16,62,23,8.0,14.0,0.0,2.0,2.0,0.0,0.0,0.0,0.0,,
109年,111,內湖區,3,2298,1642,656,118,1642,0,1524,118,0,0,0,0,0,144,8,46,47,2,15,152,24,,0,40,46,108,3.0,0.0,1.0,18.0,2.0,0.0,0.0,0.0,0.0,,
109年,115,士林區,1,833,543,290,25,543,0,518,25,0,0,0,0,0,62,0,21,40,0,8,0,8,,0,16,25,105,3.0,0.0,0.0,2.0,0.0,0.0,0.0,0.0,0.0,,
109年,116,北投區,6,4885,3946,939,704,3662,284,3175,487,67,217,0,0,0,296,14,36,89,0,44,32,28,,0,58,31,156,12.0,82.0,33.0,18.0,10.0,0.0,0.0,0.0,0.0,,
109年,117,信義區,1,727,525,202,25,525,0,500,25,0,0,0,0,0,59,0,12,25,0,10,0,0,,0,18,10,60,0.0,0.0,0.0,8.0,0.0,0.0,0.0,0.0,0.0,,
109年,118,中正區,3,2639,1927,712,68,1927,0,1859,68,0,0,0,0,0,219,10,48,120,0,17,0,14,,0,54,20,52,4.0,94.0,1.0,51.0,8.0,0.0,0.0,0.0,0.0,,
109年,119,萬華區,4,409,245,164,0,166,79,166,0,79,0,0,0,0,8,0,0,9,0,0,30,0,,0,7,3,106,0.0,0.0,0.0,0.0,0.0,0.0,1.0,0.0,0.0,,
109年,120,文山區,2,868,592,276,38,592,0,554,38,0,0,0,0,0,47,0,10,29,6,10,60,10,,0,12,15,61,4.0,0.0,0.0,12.0,0.0,0.0,0.0,0.0,0.0,,
109年,3101,板橋區,7,1947,1064,883,50,1064,0,1014,50,0,0,0,0,0,119,12,24,49,85,16,200,52,,0,24,25,197,0.0,25.0,0.0,11.0,4.0,0.0,0.0,0.0,40.0,,
109年,3102,三重區,4,766,411,355,0,411,0,411,0,0,0,0,0,0,42,2,0,20,4,0,130,0,,0,10,3,124,0.0,1.0,0.0,17.0,0.0,0.0,2.0,0.0,0.0,,
109年,3103,永和區,2,359,250,109,0,250,0,250,0,0,0,0,0,0,21,0,8,10,3,0,20,0,,0,5,10,30,0.0,0.0,0.0,2.0,0.0,0.0,0.0,0.0,0.0,,
109年,3104,中和區,5,1402,998,404,100,998,0,898,100,0,0,0,0,0,80,0,12,35,10,10,84,8,,0,27,28,104,0.0,0.0,0.0,5.0,1.0,0.0,0.0,0.0,0.0,,
109年,3105,新店區,7,2683,1952,731,284,1647,305,1468,179,200,105,0,0,0,149,0,22,70,14,20,182,24,,0,25,38,173,0.0,4.0,0.0,8.0,2.0,0.0,0.0,0.0,0.0,,
109年,3106,新莊區,8,1520,1106,414,252,716,390,646,70,40,182,0,168,0,51,0,5,31,6,9,160,0,,0,10,5,116,0.0,0.0,0.0,9.0,0.0,0.0,1.0,11.0,0.0,,
109年,3107,樹林區,1,189,132,57,0,132,0,132,0,0,0,0,0,0,6,0,0,8,2,0,20,0,,0,1,0,20,0.0,0.0,0.0,0.0,0.0,0.0,0.0,0.0,0.0,,
109年,3108,鶯歌區,1,63,63,0,63,0,63,0,0,0,63,0,0,0,0,0,0,0,0,0,0,0,,0,0,0,0,0.0,0.0,0.0,0.0,0.0,0.0,0.0,0.0,0.0,,
109年,3109,三峽區,3,571,386,185,0,349,37,349,0,37,0,0,0,0,36,0,11,33,15,0,0,0,,0,12,25,51,0.0,0.0,0.0,2.0,0.0,0.0,0.0,0.0,0.0,,
109年,3110,淡水區,4,1680,1428,252,719,805,623,709,96,0,623,0,0,0,59,0,18,22,13,28,0,13,,0,11,10,53,0.0,5.0,0.0,12.0,8.0,0.0,0.0,0.0,0.0,,
109年,3111,汐止區,1,642,459,183,25,459,0,434,25,0,0,0,0,0,46,0,12,31,6,13,0,0,,0,10,16,45,0.0,0.0,0.0,4.0,0.0,0.0,0.0,0.0,0.0,,
109年,3112,瑞芳區,1,40,20,20,0,20,0,20,0,0,0,0,0,0,0,0,0,3,2,0,0,0,,0,1,0,14,0.0,0.0,0.0,0.0,0.0,0.0,0.0,0.0,0.0,,
109年,3113,土城區,5,753,435,318,0,435,0,435,0,0,0,0,0,0,32,0,10,40,3,0,168,0,,0,8,10,35,0.0,6.0,0.0,6.0,0.0,0.0,0.0,0.0,0.0,,
109年,3114,蘆洲區,1,36,19,17,0,19,0,19,0,0,0,0,0,0,0,0,0,0,0,0,17,0,,0,0,0,0,0.0,0.0,0.0,0.0,0.0,0.0,0.0,0.0,0.0,,
109年,3116,泰山區,1,583,431,152,0,431,0,431,0,0,0,0,0,0,55,0,8,23,0,0,0,0,,0,12,10,38,0.0,0.0,0.0,6.0,0.0,0.0,0.0,0.0,0.0,,
109年,3121,三芝區,1,87,85,2,85,0,85,0,0,0,85,0,0,0,0,0,0,0,2,0,0,0,,0,0,0,0,0.0,0.0,0.0,0.0,0.0,0.0,0.0,0.0,0.0,,
109年,3123,八里區,1,503,500,3,500,150,350,0,150,0,350,0,0,0,0,0,0,3,0,0,0,0,,0,0,0,0,0.0,0.0,0.0,0.0,0.0,0.0,0.0,0.0,0.0,,
109年,3127,金山區,1,82,48,34,0,48,0,48,0,0,0,0,0,0,0,0,0,5,2,2,0,0,,0,1,0,24,0.0,0.0,0.0,0.0,0.0,0.0,0.0,0.0,0.0,,
110年,101,松山區,5,1272,830,442,153,727,103,677,50,0,103,0,0,0,50,0,33,51,0,0,84,0,,0,19,57,138,0.0,0.0,0.0,10.0,0.0,0.0,0.0,0.0,0.0,0.0,
110年,102,大安區,6,1759,1256,503,0,1256,0,1256,0,0,0,0,0,0,109,0,23,61,0,0,37,0,,0,41,50,132,4.0,0.0,0.0,16.0,30.0,0.0,0.0,0.0,0.0,0.0,
110年,109,大同區,1,2976,2213,763,498,2080,133,1715,365,0,133,0,0,0,128,0,30,80,11,27,185,0,,12,26,50,167,0.0,14.0,0.0,33.0,0.0,0.0,0.0,0.0,0.0,0.0,
110年,110,中山區,4,1132,804,328,0,784,20,784,0,20,0,0,0,0,92,0,55,39,0,0,0,0,,0,16,62,38,8.0,14.0,0.0,2.0,2.0,0.0,0.0,0.0,0.0,0.0,
110年,111,內湖區,4,2344,1670,674,118,1670,0,1552,118,0,0,0,0,0,147,8,46,47,2,15,152,24,,0,41,46,123,3.0,0.0,0.0,18.0,2.0,0.0,0.0,0.0,0.0,0.0,
110年,115,士林區,1,829,543,286,25,543,0,518,25,0,0,0,0,0,62,0,21,36,0,8,0,8,,0,16,25,105,3.0,0.0,0.0,2.0,0.0,0.0,0.0,0.0,0.0,0.0,
110年,116,北投區,6,4844,3907,937,664,3623,284,3176,447,67,217,0,0,0,282,14,42,89,0,44,32,28,,0,58,37,156,12.0,82.0,33.0,18.0,10.0,0.0,0.0,0.0,0.0,0.0,
110年,117,信義區,1,727,525,202,25,525,0,500,25,0,0,0,0,0,59,0,12,25,0,10,0,0,,0,18,10,60,0.0,0.0,0.0,8.0,0.0,0.0,0.0,0.0,0.0,0.0,
110年,118,中正區,3,2623,1898,725,68,1898,0,1830,68,0,0,0,0,0,229,10,46,120,0,17,0,14,,0,59,20,52,4.0,94.0,1.0,51.0,8.0,0.0,0.0,0.0,0.0,0.0,
110年,119,萬華區,4,409,245,164,0,166,79,166,0,79,0,0,0,0,8,0,0,9,0,0,30,0,,0,7,3,106,0.0,0.0,0.0,0.0,0.0,0.0,1.0,0.0,0.0,0.0,
110年,120,文山區,2,841,592,249,38,592,0,554,38,0,0,0,0,0,49,4,10,29,6,10,30,10,,0,13,15,61,0.0,0.0,0.0,12.0,0.0,0.0,0.0,0.0,0.0,0.0,
110年,3101,板橋區,7,1983,1072,911,50,1072,0,1022,50,0,0,0,0,0,119,12,24,67,85,16,189,52,,0,24,25,205,0.0,38.0,0.0,11.0,4.0,0.0,0.0,0.0,40.0,0.0,
110年,3102,三重區,4,763,394,369,0,394,0,394,0,0,0,0,0,0,47,2,0,20,4,0,125,0,,0,10,3,138,0.0,1.0,0.0,17.0,0.0,0.0,2.0,0.0,0.0,0.0,
110年,3103,永和區,2,359,250,109,0,250,0,250,0,0,0,0,0,0,21,0,8,10,3,0,20,0,,0,5,10,30,0.0,0.0,0.0,2.0,0.0,0.0,0.0,0.0,0.0,0.0,
110年,3104,中和區,5,1393,983,410,85,983,0,898,85,0,0,0,0,0,86,0,12,35,10,10,84,8,,0,27,28,104,0.0,0.0,0.0,5.0,1.0,0.0,0.0,0.0,0.0,0.0,
110年,3105,新店區,7,2689,1954,735,284,1649,305,1470,179,200,105,0,0,0,149,0,22,70,14,20,182,24,,0,25,38,177,0.0,4.0,0.0,8.0,2.0,0.0,0.0,0.0,0.0,0.0,
110年,3106,新莊區,8,1554,1113,441,252,723,390,653,70,40,182,0,168,0,62,0,5,31,6,9,160,6,,0,10,5,126,0.0,0.0,0.0,9.0,0.0,0.0,1.0,11.0,0.0,0.0,
110年,3107,樹林區,1,189,132,57,0,132,0,132,0,0,0,0,0,0,6,0,0,8,2,0,20,0,,0,1,0,20,0.0,0.0,0.0,0.0,0.0,0.0,0.0,0.0,0.0,0.0,
110年,3108,鶯歌區,1,63,63,0,63,0,63,0,0,0,63,0,0,0,0,0,0,0,0,0,0,0,,0,0,0,0,0.0,0.0,0.0,0.0,0.0,0.0,0.0,0.0,0.0,0.0,
110年,3109,三峽區,3,603,399,204,0,362,37,362,0,37,0,0,0,0,36,0,11,33,14,4,0,0,,0,12,25,67,0.0,0.0,0.0,2.0,0.0,0.0,0.0,0.0,0.0,0.0,
110年,3110,淡水區,4,1684,1428,256,719,805,623,709,96,0,623,0,0,0,62,0,18,22,13,29,0,13,,0,11,10,53,0.0,5.0,0.0,12.0,8.0,0.0,0.0,0.0,0.0,0.0,
110年,3111,汐止區,1,642,459,183,25,459,0,434,25,0,0,0,0,0,46,0,12,31,6,13,0,0,,0,10,16,45,0.0,0.0,0.0,4.0,0.0,0.0,0.0,0.0,0.0,0.0,
110年,3112,瑞芳區,1,40,20,20,0,20,0,20,0,0,0,0,0,0,0,0,0,3,2,0,0,0,,0,1,0,14,0.0,0.0,0.0,0.0,0.0,0.0,0.0,0.0,0.0,0.0,
110年,3113,土城區,5,1149,734,415,80,684,50,654,30,0,50,0,0,0,58,4,10,43,3,12,168,0,,0,8,25,65,0.0,10.0,0.0,9.0,0.0,0.0,0.0,0.0,0.0,0.0,
110年,3114,蘆洲區,1,36,19,17,0,19,0,19,0,0,0,0,0,0,0,0,0,0,0,0,17,0,,0,0,0,0,0.0,0.0,0.0,0.0,0.0,0.0,0.0,0.0,0.0,0.0,
110年,3116,泰山區,1,677,499,178,0,499,0,499,0,0,0,0,0,0,57,0,12,23,0,0,0,0,,0,21,10,43,0.0,0.0,0.0,12.0,0.0,0.0,0.0,0.0,0.0,0.0,
110年,3121,三芝區,1,87,85,2,85,0,85,0,0,0,85,0,0,0,0,0,0,0,2,0,0,0,,0,0,0,0,0.0,0.0,0.0,0.0,0.0,0.0,0.0,0.0,0.0,0.0,
110年,3123,八里區,1,503,500,3,500,150,350,0,150,0,350,0,0,0,0,0,0,3,0,0,0,0,,0,0,0,0,0.0,0.0,0.0,0.0,0.0,0.0,0.0,0.0,0.0,0.0,
110年,3127,金山區,1,82,48,34,0,48,0,48,0,0,0,0,0,0,0,0,0,5,2,2,0,0,,0,1,0,24,0.0,0.0,0.0,0.0,0.0,0.0,0.0,0.0,0.0,0.0,
111年,101,松山區,5,1283,830,453,153,727,103,677,50,0,103,0,0,0,59,0,35,51,0,0,84,0,,0,19,57,138,0.0,0.0,0.0,10.0,0.0,0.0,0.0,0.0,0.0,0.0,
111年,102,大安區,6,1797,1292,505,0,1292,0,1292,0,0,0,0,0,0,109,0,23,61,0,0,37,0,,0,41,50,132,4.0,0.0,0.0,18.0,30.0,0.0,0.0,0.0,0.0,0.0,
111年,109,大同區,1,3012,2249,763,498,2116,133,1751,365,0,133,0,0,0,128,0,30,80,11,27,185,0,,12,26,50,167,0.0,14.0,0.0,33.0,0.0,0.0,0.0,0.0,0.0,0.0,
111年,110,中山區,4,1161,804,357,0,784,20,784,0,20,0,0,0,0,100,0,55,39,0,0,0,0,,0,16,58,63,8.0,14.0,0.0,2.0,2.0,0.0,0.0,0.0,0.0,0.0,
111年,111,內湖區,4,2324,1672,652,118,1672,0,1554,118,0,0,0,0,0,147,8,26,57,2,15,112,24,,0,41,34,123,3.0,0.0,0.0,18.0,2.0,0.0,0.0,0.0,40.0,0.0,
111年,115,士林區,1,829,543,286,25,543,0,518,25,0,0,0,0,0,62,0,21,36,0,8,0,8,,0,16,25,105,3.0,0.0,0.0,2.0,0.0,0.0,0.0,0.0,0.0,0.0,
111年,116,北投區,6,5168,4216,952,664,3932,284,3485,447,67,217,0,0,0,286,14,37,89,0,44,32,28,,0,58,37,156,12.0,78.0,43.0,20.0,18.0,0.0,0.0,0.0,0.0,0.0,
111年,117,信義區,1,727,525,202,25,525,0,500,25,0,0,0,0,0,59,0,12,25,0,10,0,0,,0,18,10,60,0.0,0.0,0.0,8.0,0.0,0.0,0.0,0.0,0.0,0.0,
111年,118,中正區,3,2611,1896,715,68,1896,0,1828,68,0,0,0,0,0,223,10,46,120,0,17,0,10,,0,59,20,52,4.0,94.0,1.0,51.0,8.0,0.0,0.0,0.0,0.0,0.0,
111年,119,萬華區,4,409,245,164,0,166,79,166,0,79,0,0,0,0,8,0,0,9,0,0,30,0,,0,7,3,106,0.0,0.0,0.0,0.0,0.0,0.0,1.0,0.0,0.0,0.0,
111年,120,文山區,2,841,592,249,38,592,0,554,38,0,0,0,0,0,52,4,10,36,6,10,30,0,,0,13,15,61,0.0,0.0,0.0,12.0,0.0,0.0,0.0,0.0,0.0,0.0,
111年,3101,板橋區,7,1984,1069,915,50,1069,0,1019,50,0,0,0,0,0,119,12,24,67,85,16,189,52,,0,24,25,209,0.0,38.0,0.0,11.0,4.0,0.0,0.0,0.0,40.0,0.0,
111年,3102,三重區,4,743,394,349,0,394,0,394,0,0,0,0,0,0,47,2,0,20,4,0,125,0,,0,10,3,118,0.0,1.0,0.0,17.0,0.0,0.0,2.0,0.0,0.0,0.0,
111年,3103,永和區,2,359,250,109,0,250,0,250,0,0,0,0,0,0,21,0,8,10,3,0,20,0,,0,5,10,30,0.0,0.0,0.0,2.0,0.0,0.0,0.0,0.0,0.0,0.0,
111年,3104,中和區,4,1368,959,409,85,959,0,874,85,0,0,0,0,0,86,0,12,46,9,10,56,8,,0,27,28,121,0.0,0.0,0.0,5.0,1.0,0.0,0.0,0.0,0.0,0.0,
111年,3105,新店區,7,2695,1954,741,284,1649,305,1470,179,200,105,0,0,0,151,0,22,70,14,20,182,24,,0,25,38,177,0.0,4.0,0.0,12.0,2.0,0.0,0.0,0.0,0.0,0.0,
111年,3106,新莊區,9,1636,1158,478,252,768,390,698,70,40,182,0,168,0,71,0,5,31,6,9,194,0,,0,10,5,126,0.0,0.0,0.0,9.0,0.0,0.0,1.0,11.0,0.0,0.0,
111年,3107,樹林區,1,189,132,57,0,132,0,132,0,0,0,0,0,0,6,0,0,8,2,0,20,0,,0,1,0,20,0.0,0.0,0.0,0.0,0.0,0.0,0.0,0.0,0.0,0.0,
111年,3108,鶯歌區,1,63,63,0,63,0,63,0,0,0,63,0,0,0,0,0,0,0,0,0,0,0,,0,0,0,0,0.0,0.0,0.0,0.0,0.0,0.0,0.0,0.0,0.0,0.0,
111年,3109,三峽區,3,606,399,207,0,362,37,362,0,37,0,0,0,0,33,0,11,33,14,4,0,0,,0,12,25,73,0.0,0.0,0.0,2.0,0.0,0.0,0.0,0.0,0.0,0.0,
111年,3110,淡水區,3,1660,1426,234,719,803,623,707,96,0,623,0,0,0,61,0,18,22,13,29,0,13,,0,11,10,32,0.0,5.0,0.0,12.0,8.0,0.0,0.0,0.0,0.0,0.0,
111年,3111,汐止區,1,642,459,183,25,459,0,434,25,0,0,0,0,0,46,0,12,31,6,13,0,0,,0,10,16,45,0.0,0.0,0.0,4.0,0.0,0.0,0.0,0.0,0.0,0.0,
111年,3112,瑞芳區,1,40,20,20,0,20,0,20,0,0,0,0,0,0,0,0,0,3,2,0,0,0,,0,1,0,14,0.0,0.0,0.0,0.0,0.0,0.0,0.0,0.0,0.0,0.0,
111年,3113,土城區,5,1136,734,402,80,684,50,654,30,0,50,0,0,0,58,4,10,43,3,12,141,0,,0,7,25,80,0.0,10.0,0.0,9.0,0.0,0.0,0.0,0.0,0.0,0.0,
111年,3114,蘆洲區,1,36,19,17,0,19,0,19,0,0,0,0,0,0,0,0,0,0,0,0,17,0,,0,0,0,0,0.0,0.0,0.0,0.0,0.0,0.0,0.0,0.0,0.0,0.0,
111年,3116,泰山區,1,677,499,178,0,499,0,499,0,0,0,0,0,0,57,0,12,23,0,0,0,0,,0,21,10,43,0.0,0.0,0.0,12.0,0.0,0.0,0.0,0.0,0.0,0.0,
111年,3121,三芝區,1,87,85,2,85,0,85,0,0,0,85,0,0,0,0,0,0,0,2,0,0,0,,0,0,0,0,0.0,0.0,0.0,0.0,0.0,0.0,0.0,0.0,0.0,0.0,
111年,3123,八里區,1,503,500,3,500,150,350,0,150,0,350,0,0,0,0,0,0,3,0,0,0,0,,0,0,0,0,0.0,0.0,0.0,0.0,0.0,0.0,0.0,0.0,0.0,0.0,
111年,3127,金山區,1,84,48,36,0,48,0,48,0,0,0,0,0,0,0,0,0,5,2,2,0,0,,0,1,0,26,0.0,0.0,0.0,0.0,0.0,0.0,0.0,0.0,0.0,0.0,
112年,101,松山區,5,1298,849,449,153,746,103,696,50,0,103,0,0,0,59,0,31,51,0,0,84,0,,0,19,57,138,0.0,0.0,0.0,10.0,0.0,0.0,0.0,0.0,0.0,0.0,0.0
112年,102,大安區,6,1798,1300,498,0,1300,0,1300,0,0,0,0,0,0,96,0,23,59,0,0,37,8,,0,41,50,132,4.0,0.0,0.0,18.0,30.0,0.0,0.0,0.0,0.0,0.0,0.0
112年,109,大同區,1,3058,2301,757,498,2168,133,1803,365,0,133,0,0,0,128,0,30,80,11,27,179,0,,12,26,50,167,0.0,14.0,0.0,33.0,0.0,0.0,0.0,0.0,0.0,0.0,0.0
112年,110,中山區,4,1118,790,328,0,790,0,790,0,0,0,0,0,0,100,0,55,39,0,0,0,0,,0,16,48,48,8.0,10.0,0.0,2.0,2.0,0.0,0.0,0.0,0.0,0.0,0.0
112年,111,內湖區,4,2247,1622,625,118,1622,0,1504,118,0,0,0,0,0,142,8,26,57,2,15,112,24,,0,20,30,123,6.0,0.0,0.0,18.0,2.0,0.0,0.0,0.0,40.0,0.0,0.0
112年,115,士林區,1,829,543,286,25,543,0,518,25,0,0,0,0,0,62,0,21,36,0,8,0,8,,0,16,25,105,3.0,0.0,0.0,2.0,0.0,0.0,0.0,0.0,0.0,0.0,0.0
112年,116,北投區,6,5264,4269,995,704,3985,284,3498,487,67,217,0,0,0,322,14,37,89,0,44,32,28,,0,71,37,156,6.0,78.0,43.0,20.0,18.0,0.0,0.0,0.0,0.0,0.0,0.0
112年,117,信義區,1,738,525,213,25,525,0,500,25,0,0,0,0,0,59,0,12,27,0,10,0,6,,0,18,10,63,0.0,0.0,0.0,8.0,0.0,0.0,0.0,0.0,0.0,0.0,0.0
112年,118,中正區,3,2646,1921,725,68,1921,0,1853,68,0,0,0,0,0,232,10,42,120,0,17,0,15,,0,59,20,52,4.0,94.0,1.0,51.0,8.0,0.0,0.0,0.0,0.0,0.0,0.0
112年,119,萬華區,4,409,245,164,0,166,79,166,0,79,0,0,0,0,8,0,0,9,0,0,30,0,,0,7,3,106,0.0,0.0,0.0,0.0,0.0,0.0,1.0,0.0,0.0,0.0,0.0
112年,120,文山區,2,833,577,256,38,577,0,539,38,0,0,0,0,0,50,4,10,34,6,10,30,0,,0,13,15,73,0.0,0.0,0.0,11.0,0.0,0.0,0.0,0.0,0.0,0.0,0.0
112年,3101,板橋區,7,1967,1077,890,50,1077,0,1027,50,0,0,0,0,0,119,12,24,67,85,16,189,52,,0,24,25,197,0.0,25.0,0.0,11.0,4.0,0.0,0.0,0.0,40.0,0.0,0.0
112年,3102,三重區,4,770,475,295,0,475,0,475,0,0,0,0,0,0,43,0,0,25,8,0,80,0,,0,10,2,110,0.0,0.0,0.0,14.0,0.0,0.0,3.0,0.0,0.0,0.0,0.0
112年,3103,永和區,2,359,250,109,0,250,0,250,0,0,0,0,0,0,21,0,8,10,3,0,20,0,,0,5,10,30,0.0,0.0,0.0,2.0,0.0,0.0,0.0,0.0,0.0,0.0,0.0
112年,3104,中和區,4,1353,931,422,57,931,0,874,57,0,0,0,0,0,85,0,12,46,9,10,56,7,,0,27,28,136,0.0,0.0,0.0,5.0,1.0,0.0,0.0,0.0,0.0,0.0,0.0
112年,3105,新店區,7,2670,1954,716,284,1649,305,1470,179,200,105,0,0,0,149,0,22,70,14,20,154,24,,0,25,38,183,0.0,4.0,0.0,11.0,2.0,0.0,0.0,0.0,0.0,0.0,0.0
112年,3106,新莊區,9,1638,1188,450,252,798,390,728,70,40,182,0,168,0,73,0,5,31,2,9,168,0,,0,10,5,126,0.0,0.0,0.0,9.0,0.0,0.0,1.0,11.0,0.0,0.0,0.0
112年,3107,樹林區,1,189,132,57,0,132,0,132,0,0,0,0,0,0,6,0,0,8,2,0,20,0,,0,1,0,20,0.0,0.0,0.0,0.0,0.0,0.0,0.0,0.0,0.0,0.0,0.0
112年,3108,鶯歌區,1,63,63,0,63,0,63,0,0,0,63,0,0,0,0,0,0,0,0,0,0,0,,0,0,0,0,0.0,0.0,0.0,0.0,0.0,0.0,0.0,0.0,0.0,0.0,0.0
112年,3109,三峽區,3,603,399,204,0,362,37,362,0,37,0,0,0,0,30,0,11,33,14,4,0,0,,0,12,25,73,0.0,0.0,0.0,2.0,0.0,0.0,0.0,0.0,0.0,0.0,0.0
112年,3110,淡水區,3,1640,1415,225,719,792,623,696,96,0,623,0,0,0,61,0,18,22,13,25,0,8,,0,11,10,32,0.0,5.0,0.0,12.0,8.0,0.0,0.0,0.0,0.0,0.0,0.0
112年,3111,汐止區,1,642,458,184,25,458,0,433,25,0,0,0,0,0,46,0,12,31,6,13,0,0,,0,10,16,45,0.0,1.0,0.0,4.0,0.0,0.0,0.0,0.0,0.0,0.0,0.0
112年,3112,瑞芳區,1,40,20,20,0,20,0,20,0,0,0,0,0,0,0,0,0,3,2,0,0,0,,0,1,0,14,0.0,0.0,0.0,0.0,0.0,0.0,0.0,0.0,0.0,0.0,0.0
112年,3113,土城區,5,1137,734,403,80,684,50,654,30,0,50,0,0,0,58,4,10,43,3,12,141,0,,0,7,25,80,0.0,10.0,0.0,10.0,0.0,0.0,0.0,0.0,0.0,0.0,0.0
112年,3116,泰山區,1,682,499,183,0,499,0,499,0,0,0,0,0,0,57,0,12,23,0,5,0,0,,0,21,10,43,0.0,0.0,0.0,12.0,0.0,0.0,0.0,0.0,0.0,0.0,0.0
112年,3121,三芝區,1,87,85,2,85,0,85,0,0,0,85,0,0,0,0,0,0,0,2,0,0,0,,0,0,0,0,0.0,0.0,0.0,0.0,0.0,0.0,0.0,0.0,0.0,0.0,0.0
112年,3123,八里區,1,503,500,3,500,150,350,0,150,0,350,0,0,0,0,0,0,3,0,0,0,0,,0,0,0,0,0.0,0.0,0.0,0.0,0.0,0.0,0.0,0.0,0.0,0.0,0.0
112年,3127,金山區,1,86,48,38,0,48,0,48,0,0,0,0,0,0,0,0,0,5,2,2,0,0,,0,1,0,26,0.0,0.0,0.0,0.0,0.0,0.0,2.0,0.0,0.0,0.0,0.0
