"統計期","死因別","主要死亡原因順位","死亡人數/合計[人]","死亡人數/男[人]","死亡人數/女[人]","死亡率/合計[人/十萬人口]","死亡率/男[人/十萬人口]","死亡率/女[人/十萬人口]"
"81年","所有癌症死亡原因",1,2835,1809,1026,104.73,132.70,76.35
"81年","氣管、支氣管和肺癌",1,593,440,153,21.91,32.28,11.39
"81年","肝和肝內膽管癌",2,557,437,120,20.58,32.06,8.93
"81年","結腸、直腸和肛門癌",4,251,144,107,9.27,10.56,7.96
"81年","胃癌",3,306,203,103,11.30,14.89,7.66
"81年","女性乳房癌",6,110,0,110,8.19,0,8.19
"81年","子宮頸及部位未明示子宮癌",5,107,0,107,7.96,0,7.96
"81年","前列腺(攝護腺)癌",9,34,34,0,2.49,2.49,0
"81年","非何杰金氏淋巴瘤",11,85,53,32,3.14,3.89,2.38
"81年","胰臟癌",13,83,54,29,3.07,3.96,2.16
"81年","口腔癌",14,55,46,9,2.03,3.37,0.67
"81年","食道癌",8,75,68,7,2.77,4.99,0.52
"81年","膽囊和其他膽道癌",17,52,34,18,1.92,2.49,1.34
"81年","白血病",7,79,45,34,2.92,3.30,2.53
"81年","鼻咽癌",12,79,59,20,2.92,4.33,1.49
"81年","卵巢癌",15,33,0,33,2.46,0,2.46
"82年","所有癌症死亡原因",1,2868,1806,1062,107.23,134.32,79.84
"82年","氣管、支氣管和肺癌",1,560,399,161,20.94,29.68,12.10
"82年","肝和肝內膽管癌",2,554,416,138,20.71,30.94,10.38
"82年","結腸、直腸和肛門癌",3,296,167,129,11.07,12.42,9.70
"82年","胃癌",4,287,197,90,10.73,14.65,6.77
"82年","女性乳房癌",5,110,0,110,8.27,0,8.27
"82年","子宮頸及部位未明示子宮癌",6,92,0,92,6.92,0,6.92
"82年","前列腺(攝護腺)癌",10,40,40,0,2.97,2.97,0
"82年","非何杰金氏淋巴瘤",7,84,58,26,3.14,4.31,1.95
"82年","胰臟癌",9,81,52,29,3.03,3.87,2.18
"82年","口腔癌",15,58,50,8,2.17,3.72,0.60
"82年","食道癌",12,73,67,6,2.73,4.98,0.45
"82年","膽囊和其他膽道癌",14,65,34,31,2.43,2.53,2.33
"82年","白血病",8,82,53,29,3.07,3.94,2.18
"82年","鼻咽癌",0,76,54,22,2.84,4.02,1.65
"82年","卵巢癌",13,36,0,36,2.71,0,2.71
"83年","所有癌症死亡原因",1,2960,1848,1112,111.55,138.85,84.08
"83年","氣管、支氣管和肺癌",1,619,407,212,23.33,30.58,16.03
"83年","肝和肝內膽管癌",2,469,359,110,17.68,26.97,8.32
"83年","結腸、直腸和肛門癌",3,309,177,132,11.65,13.30,9.98
"83年","胃癌",4,294,199,95,11.08,14.95,7.18
"83年","女性乳房癌",5,134,0,134,10.13,0,10.13
"83年","子宮頸及部位未明示子宮癌",6,103,0,103,7.79,0,7.79
"83年","前列腺(攝護腺)癌",7,62,62,0,4.66,4.66,0
"83年","非何杰金氏淋巴瘤",8,93,63,30,3.50,4.73,2.27
"83年","胰臟癌",12,79,50,29,2.98,3.76,2.19
"83年","口腔癌",15,77,69,8,2.90,5.18,0.60
"83年","食道癌",10,81,76,5,3.05,5.71,0.38
"83年","膽囊和其他膽道癌",10,81,48,33,3.05,3.61,2.50
"83年","白血病",8,78,45,33,2.94,3.38,2.50
"83年","鼻咽癌",0,79,61,18,2.98,4.58,1.36
"83年","卵巢癌",16,29,0,29,2.19,0,2.19
"84年","所有癌症死亡原因",1,3180,1977,1203,120.31,149.38,91.16
"84年","氣管、支氣管和肺癌",1,615,414,201,23.27,31.28,15.23
"84年","肝和肝內膽管癌",2,570,436,134,21.56,32.94,10.15
"84年","結腸、直腸和肛門癌",3,329,191,138,12.45,14.43,10.46
"84年","胃癌",4,328,212,116,12.41,16.02,8.79
"84年","女性乳房癌",5,135,0,135,10.23,0,10.23
"84年","子宮頸及部位未明示子宮癌",6,108,0,108,8.18,0,8.18
"84年","前列腺(攝護腺)癌",7,51,51,0,3.85,3.85,0
"84年","非何杰金氏淋巴瘤",10,92,66,26,3.48,4.99,1.97
"84年","胰臟癌",9,97,63,34,3.67,4.76,2.58
"84年","口腔癌",13,78,73,5,2.95,5.52,0.38
"84年","食道癌",14,75,64,11,2.84,4.84,0.83
"84年","膽囊和其他膽道癌",15,64,27,37,2.42,2.04,2.80
"84年","白血病",8,100,65,35,3.78,4.91,2.65
"84年","鼻咽癌",0,85,63,22,3.22,4.76,1.67
"84年","卵巢癌",11,44,0,44,3.33,0,3.33
"85年","所有癌症死亡原因",1,3366,2118,1248,128.52,161.70,95.32
"85年","氣管、支氣管和肺癌",1,645,448,197,24.63,34.20,15.05
"85年","肝和肝內膽管癌",2,581,445,136,22.18,33.97,10.39
"85年","結腸、直腸和肛門癌",3,386,236,150,14.74,18.02,11.46
"85年","胃癌",4,356,255,101,13.59,19.47,7.71
"85年","女性乳房癌",5,153,0,153,11.69,0,11.69
"85年","子宮頸及部位未明示子宮癌",6,102,0,102,7.79,0,7.79
"85年","前列腺(攝護腺)癌",7,68,68,0,5.19,5.19,0
"85年","非何杰金氏淋巴瘤",8,133,80,53,5.08,6.11,4.05
"85年","胰臟癌",9,111,63,48,4.24,4.81,3.67
"85年","口腔癌",13,88,77,11,3.36,5.88,0.84
"85年","食道癌",14,81,69,12,3.09,5.27,0.92
"85年","膽囊和其他膽道癌",14,81,40,41,3.09,3.05,3.13
"85年","白血病",11,89,55,34,3.40,4.20,2.60
"85年","鼻咽癌",0,90,67,23,3.44,5.12,1.76
"85年","卵巢癌",12,44,0,44,3.36,0,3.36
"86年","所有癌症死亡原因",1,3504,2135,1369,134.67,164.36,105.07
"86年","氣管、支氣管和肺癌",1,718,471,247,27.59,36.26,18.96
"86年","肝和肝內膽管癌",2,606,458,148,23.29,35.26,11.36
"86年","結腸、直腸和肛門癌",3,366,226,140,14.07,17.40,10.74
"86年","胃癌",5,346,228,118,13.30,17.55,9.06
"86年","女性乳房癌",4,182,0,182,13.97,0,13.97
"86年","子宮頸及部位未明示子宮癌",6,128,0,128,9.82,0,9.82
"86年","前列腺(攝護腺)癌",8,65,65,0,5.00,5.00,0
"86年","非何杰金氏淋巴瘤",7,133,79,54,5.11,6.08,4.14
"86年","胰臟癌",10,109,58,51,4.19,4.47,3.91
"86年","口腔癌",9,113,101,12,4.34,7.78,0.92
"86年","食道癌",11,102,90,12,3.92,6.93,0.92
"86年","膽囊和其他膽道癌",16,71,34,37,2.73,2.62,2.84
"86年","白血病",12,94,53,41,3.61,4.08,3.15
"86年","鼻咽癌",0,84,64,20,3.23,4.93,1.53
"86年","卵巢癌",15,36,0,36,2.76,0,2.76
"87年","所有癌症死亡原因",0,3489,2154,1335,133.21,165.22,101.48
"87年","氣管、支氣管和肺癌",1,729,482,247,27.83,36.97,18.78
"87年","肝和肝內膽管癌",2,588,460,128,22.45,35.28,9.73
"87年","結腸、直腸和肛門癌",3,398,220,178,15.20,16.87,13.53
"87年","胃癌",4,327,228,99,12.48,17.49,7.53
"87年","女性乳房癌",5,164,0,164,12.47,0,12.47
"87年","子宮頸及部位未明示子宮癌",6,102,0,102,7.75,0,7.75
"87年","前列腺(攝護腺)癌",8,66,66,0,5.06,5.06,0
"87年","非何杰金氏淋巴瘤",7,136,74,62,5.19,5.68,4.71
"87年","胰臟癌",9,112,72,40,4.28,5.52,3.04
"87年","口腔癌",15,79,74,5,3.02,5.68,0.38
"87年","食道癌",12,88,79,9,3.36,6.06,0.68
"87年","膽囊和其他膽道癌",11,93,56,37,3.55,4.30,2.81
"87年","白血病",10,99,64,35,3.78,4.91,2.66
"87年","鼻咽癌",0,84,57,27,3.21,4.37,2.05
"87年","卵巢癌",14,42,0,42,3.19,0,3.19
"88年","所有癌症死亡原因",1,3564,2235,1329,134.97,170.53,99.92
"88年","氣管、支氣管和肺癌",1,750,542,208,28.40,41.35,15.64
"88年","肝和肝內膽管癌",2,564,430,134,21.36,32.81,10.08
"88年","結腸、直腸和肛門癌",3,417,240,177,15.79,18.31,13.31
"88年","胃癌",5,317,203,114,12.00,15.49,8.57
"88年","女性乳房癌",4,162,0,162,12.18,0,12.18
"88年","子宮頸及部位未明示子宮癌",6,113,0,113,8.50,0,8.50
"88年","前列腺(攝護腺)癌",7,91,91,0,6.94,6.94,0
"88年","非何杰金氏淋巴瘤",8,143,86,57,5.42,6.56,4.29
"88年","胰臟癌",9,122,73,49,4.62,5.57,3.68
"88年","口腔癌",10,98,82,16,3.71,6.26,1.20
"88年","食道癌",11,97,82,15,3.67,6.26,1.13
"88年","膽囊和其他膽道癌",12,94,52,42,3.56,3.97,3.16
"88年","白血病",14,76,49,27,2.88,3.74,2.03
"88年","鼻咽癌",0,70,54,16,2.65,4.12,1.20
"88年","卵巢癌",13,41,0,41,3.08,0,3.08
"89年","所有癌症死亡原因",1,3738,2356,1382,141.38,179.93,103.56
"89年","氣管、支氣管和肺癌",1,751,514,237,28.41,39.26,17.76
"89年","肝和肝內膽管癌",2,562,432,130,21.26,32.99,9.74
"89年","結腸、直腸和肛門癌",3,462,264,198,17.47,20.16,14.84
"89年","胃癌",4,328,218,110,12.41,16.65,8.24
"89年","女性乳房癌",5,169,0,169,12.66,0,12.66
"89年","子宮頸及部位未明示子宮癌",12,97,0,97,7.27,0,7.27
"89年","前列腺(攝護腺)癌",13,93,93,0,7.10,7.10,0
"89年","非何杰金氏淋巴瘤",7,136,91,45,5.14,6.95,3.37
"89年","胰臟癌",6,138,84,54,5.22,6.42,4.05
"89年","口腔癌",8,113,94,19,4.27,7.18,1.42
"89年","食道癌",9,108,100,8,4.08,7.64,0.60
"89年","膽囊和其他膽道癌",10,104,55,49,3.93,4.20,3.67
"89年","白血病",11,99,68,31,3.74,5.19,2.32
"89年","鼻咽癌",14,76,51,25,2.87,3.89,1.87
"89年","卵巢癌",15,42,0,42,3.15,0,3.15
"90年","所有癌症死亡原因",1,4089,2565,1524,154.88,196.59,114.12
"90年","氣管、支氣管和肺癌",1,883,619,264,33.45,47.44,19.77
"90年","肝和肝內膽管癌",2,671,491,180,25.42,37.63,13.48
"90年","結腸、直腸和肛門癌",3,444,261,183,16.82,20.00,13.70
"90年","胃癌",4,349,244,105,13.22,18.70,7.86
"90年","女性乳房癌",5,199,0,199,14.90,0,14.90
"90年","子宮頸及部位未明示子宮癌",10,110,0,110,8.24,0,8.24
"90年","前列腺(攝護腺)癌",8,120,120,0,9.20,9.20,0
"90年","非何杰金氏淋巴瘤",6,130,90,40,4.92,6.90,3.00
"90年","胰臟癌",7,124,71,53,4.70,5.44,3.97
"90年","口腔癌",9,113,96,17,4.28,7.36,1.27
"90年","食道癌",12,103,92,11,3.90,7.05,0.82
"90年","膽囊和其他膽道癌",11,106,52,54,4.01,3.99,4.04
"90年","白血病",13,97,62,35,3.67,4.75,2.62
"90年","鼻咽癌",14,84,61,23,3.18,4.68,1.72
"90年","卵巢癌",15,56,0,56,4.19,0,4.19
"91年","所有癌症死亡原因",1,4169,2520,1649,158.05,193.72,123.33
"91年","氣管、支氣管和肺癌",1,889,588,301,33.70,45.20,22.51
"91年","肝和肝內膽管癌",2,661,492,169,25.06,37.82,12.64
"91年","結腸、直腸和肛門癌",3,490,285,205,18.58,21.91,15.33
"91年","胃癌",4,374,231,143,14.18,17.76,10.70
"91年","女性乳房癌",5,192,0,192,14.36,0,14.36
"91年","子宮頸及部位未明示子宮癌",11,105,0,105,7.85,0,7.85
"91年","前列腺(攝護腺)癌",10,106,106,0,8.15,8.15,0
"91年","非何杰金氏淋巴瘤",6,172,97,75,6.52,7.46,5.61
"91年","胰臟癌",7,157,96,61,5.95,7.38,4.56
"91年","口腔癌",13,92,82,10,3.49,6.30,0.75
"91年","食道癌",8,123,116,7,4.66,8.92,0.52
"91年","膽囊和其他膽道癌",9,119,61,58,4.51,4.69,4.34
"91年","白血病",12,94,48,46,3.56,3.69,3.44
"91年","鼻咽癌",14,71,52,19,2.69,4.00,1.42
"91年","卵巢癌",15,53,0,53,3.96,0,3.96
"92年","所有癌症死亡原因",1,4001,2430,1571,151.87,187.41,117.42
"92年","氣管、支氣管和肺癌",1,847,572,275,32.15,44.12,20.55
"92年","肝和肝內膽管癌",2,664,477,187,25.20,36.79,13.98
"92年","結腸、直腸和肛門癌",3,436,246,190,16.55,18.97,14.20
"92年","胃癌",4,294,185,109,11.16,14.27,8.15
"92年","女性乳房癌",5,208,0,208,15.55,0,15.55
"92年","子宮頸及部位未明示子宮癌",13,85,0,85,6.35,0,6.35
"92年","前列腺(攝護腺)癌",10,107,107,0,8.25,8.25,0
"92年","非何杰金氏淋巴瘤",6,166,92,74,6.30,7.10,5.53
"92年","胰臟癌",7,146,86,60,5.54,6.63,4.48
"92年","口腔癌",8,125,111,14,4.74,8.56,1.05
"92年","食道癌",11,104,96,8,3.95,7.40,0.60
"92年","膽囊和其他膽道癌",12,101,52,49,3.83,4.01,3.66
"92年","白血病",9,109,66,43,4.14,5.09,3.21
"92年","鼻咽癌",14,72,54,18,2.73,4.16,1.35
"92年","卵巢癌",15,49,0,49,3.66,0,3.66
"93年","所有癌症死亡原因",1,4202,2594,1608,160.09,201.24,120.38
"93年","氣管、支氣管和肺癌",1,880,599,281,33.53,46.47,21.04
"93年","肝和肝內膽管癌",2,677,495,182,25.79,38.40,13.62
"93年","結腸、直腸和肛門癌",3,518,306,212,19.73,23.74,15.87
"93年","胃癌",4,311,198,113,11.85,15.36,8.46
"93年","女性乳房癌",5,203,0,203,15.20,0,15.20
"93年","子宮頸及部位未明示子宮癌",13,87,0,87,6.51,0,6.51
"93年","前列腺(攝護腺)癌",10,122,122,0,9.46,9.46,0
"93年","非何杰金氏淋巴瘤",7,148,91,57,5.64,7.06,4.27
"93年","胰臟癌",6,164,89,75,6.25,6.90,5.61
"93年","口腔癌",8,138,122,16,5.26,9.46,1.20
"93年","食道癌",12,106,91,15,4.04,7.06,1.12
"93年","膽囊和其他膽道癌",9,125,65,60,4.76,5.04,4.49
"93年","白血病",11,108,68,40,4.11,5.28,2.99
"93年","鼻咽癌",14,73,55,18,2.78,4.27,1.35
"93年","卵巢癌",15,58,0,58,4.34,0,4.34
"94年","所有癌症死亡原因",1,4290,2630,1660,163.78,205.00,124.20
"94年","氣管、支氣管和肺癌",1,870,562,308,33.21,43.81,23.05
"94年","肝和肝內膽管癌",2,607,445,162,23.17,34.69,12.12
"94年","結腸、直腸和肛門癌",3,542,306,236,20.69,23.85,17.66
"94年","胃癌",4,354,236,118,13.51,18.40,8.83
"94年","女性乳房癌",5,224,0,224,16.76,0,16.76
"94年","子宮頸及部位未明示子宮癌",13,86,0,86,6.43,0,6.43
"94年","前列腺(攝護腺)癌",9,133,133,0,10.37,10.37,0
"94年","非何杰金氏淋巴瘤",6,181,115,66,6.91,8.96,4.94
"94年","胰臟癌",7,168,103,65,6.41,8.03,4.86
"94年","口腔癌",8,146,133,13,5.57,10.37,0.97
"94年","食道癌",10,126,116,10,4.81,9.04,0.75
"94年","膽囊和其他膽道癌",11,120,70,50,4.58,5.46,3.74
"94年","白血病",12,100,59,41,3.82,4.60,3.07
"94年","鼻咽癌",14,80,59,21,3.05,4.60,1.57
"94年","卵巢癌",15,50,0,50,3.74,0,3.74
"95年","所有癌症死亡原因",1,4423,2695,1728,168.54,210.37,128.65
"95年","氣管、支氣管和肺癌",1,910,608,302,34.68,47.46,22.48
"95年","肝和肝內膽管癌",2,702,518,184,26.75,40.43,13.70
"95年","結腸、直腸和肛門癌",3,532,316,216,20.27,24.67,16.08
"95年","胃癌",4,363,240,123,13.83,18.73,9.16
"95年","女性乳房癌",5,209,0,209,15.56,0,15.56
"95年","子宮頸及部位未明示子宮癌",14,81,0,81,6.03,0,6.03
"95年","前列腺(攝護腺)癌",9,129,129,0,10.07,10.07,0
"95年","非何杰金氏淋巴瘤",7,175,112,63,6.67,8.74,4.69
"95年","胰臟癌",6,178,96,82,6.78,7.49,6.10
"95年","口腔癌",8,166,147,19,6.33,11.47,1.41
"95年","食道癌",12,97,87,10,3.70,6.79,0.74
"95年","膽囊和其他膽道癌",10,116,60,56,4.42,4.68,4.17
"95年","白血病",11,98,54,44,3.73,4.22,3.28
"95年","鼻咽癌",13,88,65,23,3.35,5.07,1.71
"95年","卵巢癌",15,73,0,73,5.43,0,5.43
"96年","所有癌症死亡原因",1,4566,2757,1809,173.56,215.37,133.94
"96年","氣管、支氣管和肺癌",1,987,635,352,37.52,49.60,26.06
"96年","肝和肝內膽管癌",2,666,488,178,25.32,38.12,13.18
"96年","結腸、直腸和肛門癌",3,557,308,249,21.17,24.06,18.44
"96年","胃癌",1,329,214,115,12.51,16.72,8.51
"96年","女性乳房癌",6,203,0,203,15.03,0,15.03
"96年","子宮頸及部位未明示子宮癌",13,89,0,89,6.59,0,6.59
"96年","前列腺(攝護腺)癌",9,136,136,0,10.62,10.62,0
"96年","非何杰金氏淋巴瘤",5,217,129,88,8.25,10.08,6.52
"96年","胰臟癌",7,178,91,87,6.77,7.11,6.44
"96年","口腔癌",10,134,117,17,5.09,9.14,1.26
"96年","食道癌",11,126,107,19,4.79,8.36,1.41
"96年","膽囊和其他膽道癌",8,149,89,60,5.66,6.95,4.44
"96年","白血病",12,107,68,39,4.07,5.31,2.89
"96年","鼻咽癌",14,81,63,18,3.08,4.92,1.33
"96年","卵巢癌",15,74,0,74,5.48,0,5.48
"97年","所有癌症死亡原因",1,4467,2698,1769,170.10,211.73,130.86
"97年","氣管、支氣管和肺癌",1,928,593,335,35.34,46.54,24.78
"97年","肝和肝內膽管癌",2,701,488,213,26.69,38.30,15.76
"97年","結腸、直腸和肛門癌",3,567,333,234,21.59,26.13,17.31
"97年","胃癌",4,312,218,94,11.88,17.11,6.95
"97年","女性乳房癌",5,228,0,228,16.87,0,16.87
"97年","子宮頸及部位未明示子宮癌",13,75,0,75,5.55,0,5.55
"97年","前列腺(攝護腺)癌",9,124,124,0,9.73,9.73,0
"97年","非何杰金氏淋巴瘤",7,131,76,55,4.99,5.96,4.07
"97年","胰臟癌",6,192,114,78,7.31,8.95,5.77
"97年","口腔癌",7,131,115,16,4.99,9.02,1.18
"97年","食道癌",11,120,107,13,4.57,8.40,0.96
"97年","膽囊和其他膽道癌",14,66,31,35,2.51,2.43,2.59
"97年","白血病",10,121,76,45,4.61,5.96,3.33
"97年","鼻咽癌",12,84,61,23,3.20,4.79,1.70
"97年","卵巢癌",15,58,0,58,4.29,0,4.29
"98年","所有癌症死亡原因",1,4563,2671,1892,174.48,211.03,140.20
"98年","氣管、支氣管和肺癌",1,967,596,371,36.98,47.09,27.49
"98年","肝和肝內膽管癌",2,665,449,216,25.43,35.47,16.01
"98年","結腸、直腸和肛門癌",3,592,311,281,22.64,24.57,20.82
"98年","胃癌",4,319,203,116,12.20,16.04,8.60
"98年","女性乳房癌",6,236,0,236,17.49,0,17.49
"98年","子宮頸及部位未明示子宮癌",13,69,0,69,5.11,0,5.11
"98年","前列腺(攝護腺)癌",8,142,142,0,11.22,11.22,0
"98年","非何杰金氏淋巴瘤",10,119,77,42,4.55,6.08,3.11
"98年","胰臟癌",5,237,137,100,9.06,10.82,7.41
"98年","口腔癌",7,148,136,12,5.66,10.75,0.89
"98年","食道癌",9,129,109,20,4.93,8.61,1.48
"98年","膽囊和其他膽道癌",12,73,38,35,2.79,3.00,2.59
"98年","白血病",11,106,64,42,4.05,5.06,3.11
"98年","鼻咽癌",0,0,0,0,0,0,0
"98年","卵巢癌",14,65,0,65,4.82,0,4.82
"99年","所有癌症死亡原因",1,4632,2771,1861,177.26,219.66,137.69
"99年","氣管、支氣管和肺癌",1,990,617,373,37.89,48.91,27.60
"99年","肝和肝內膽管癌",2,644,443,201,24.65,35.12,14.87
"99年","結腸、直腸和肛門癌",3,570,331,239,21.81,26.24,17.68
"99年","胃癌",4,307,197,110,11.75,15.62,8.14
"99年","女性乳房癌",5,266,0,266,19.68,0,19.68
"99年","子宮頸及部位未明示子宮癌",12,71,0,71,5.25,0,5.25
"99年","前列腺(攝護腺)癌",9,144,144,0,11.41,11.41,0
"99年","非何杰金氏淋巴瘤",7,152,102,50,5.82,8.09,3.70
"99年","胰臟癌",6,211,126,85,8.07,9.99,6.29
"99年","口腔癌",8,151,139,12,5.78,11.02,0.89
"99年","食道癌",10,137,115,22,5.24,9.12,1.63
"99年","膽囊和其他膽道癌",15,52,30,22,1.99,2.38,1.63
"99年","白血病",11,107,65,42,4.09,5.15,3.11
"99年","鼻咽癌",13,67,56,11,2.56,4.44,0.81
"99年","卵巢癌",14,66,0,66,4.88,0,4.88
"100年","所有癌症死亡原因",1,4732,2749,1983,179.59,216.55,145.23
"100年","氣管、支氣管和肺癌",1,1014,639,375,38.48,50.34,27.46
"100年","肝和肝內膽管癌",2,672,474,198,25.50,37.34,14.50
"100年","結腸、直腸和肛門癌",3,609,325,284,23.11,25.60,20.80
"100年","胃癌",4,285,191,94,10.82,15.05,6.88
"100年","女性乳房癌",5,283,0,283,20.73,0,20.73
"100年","子宮頸及部位未明示子宮癌",12,74,0,74,5.42,0,5.42
"100年","前列腺(攝護腺)癌",9,132,132,0,10.40,10.40,0
"100年","非何杰金氏淋巴瘤",8,149,94,55,5.65,7.40,4.03
"100年","胰臟癌",6,231,111,120,8.77,8.74,8.79
"100年","口腔癌",7,153,132,21,5.81,10.40,1.54
"100年","食道癌",10,115,104,11,4.36,8.19,0.81
"100年","膽囊和其他膽道癌",13,66,32,34,2.50,2.52,2.49
"100年","白血病",11,112,63,49,4.25,4.96,3.59
"100年","鼻咽癌",14,65,42,23,2.47,3.31,1.68
"100年","卵巢癌",14,65,0,65,4.76,0,4.76
"101年","所有癌症死亡原因",1,4981,2937,2044,187.11,229.30,147.98
"101年","氣管、支氣管和肺癌",1,1018,633,385,38.24,49.42,27.87
"101年","肝和肝內膽管癌",2,697,475,222,26.18,37.08,16.07
"101年","結腸、直腸和肛門癌",3,648,371,277,24.34,28.97,20.05
"101年","胃癌",4,329,203,126,12.36,15.85,9.12
"101年","女性乳房癌",5,243,0,243,17.59,0,17.59
"101年","子宮頸及部位未明示子宮癌",15,63,0,63,4.56,0,4.56
"101年","前列腺(攝護腺)癌",7,176,176,0,13.74,13.74,0
"101年","非何杰金氏淋巴瘤",9,147,86,61,5.52,6.71,4.42
"101年","胰臟癌",6,232,123,109,8.71,9.60,7.89
"101年","口腔癌",8,169,146,23,6.35,11.40,1.67
"101年","食道癌",10,133,127,6,5.00,9.92,0.43
"101年","膽囊和其他膽道癌",13,77,40,37,2.89,3.12,2.68
"101年","白血病",11,110,71,39,4.13,5.54,2.82
"101年","鼻咽癌",14,70,56,14,2.63,4.37,1.01
"101年","卵巢癌",12,88,0,88,6.37,0,6.37
"102年","所有癌症死亡原因",1,4919,2854,2065,183.55,221.64,148.32
"102年","氣管、支氣管和肺癌",1,988,610,378,36.87,47.37,27.15
"102年","肝和肝內膽管癌",2,700,485,215,26.12,37.67,15.44
"102年","結腸、直腸和肛門癌",3,631,358,273,23.55,27.80,19.61
"102年","胃癌",4,315,189,126,11.75,14.68,9.05
"102年","女性乳房癌",5,264,0,264,18.96,0,18.96
"102年","子宮頸及部位未明示子宮癌",13,80,0,80,5.75,0,5.75
"102年","前列腺(攝護腺)癌",8,155,155,0,12.04,12.04,0
"102年","非何杰金氏淋巴瘤",9,154,80,74,5.75,6.21,5.32
"102年","胰臟癌",6,231,123,108,8.62,9.55,7.76
"102年","口腔癌",7,203,175,28,7.57,13.59,2.01
"102年","食道癌",10,121,110,11,4.52,8.54,0.79
"102年","膽囊和其他膽道癌",15,53,28,25,1.98,2.17,1.80
"102年","白血病",11,113,70,43,4.22,5.44,3.09
"102年","鼻咽癌",14,69,56,13,2.57,4.35,0.93
"102年","卵巢癌",12,85,0,85,6.11,0,6.11
"103年","所有癌症死亡原因",1,4902,2824,2078,181.93,218.44,148.26
"103年","氣管、支氣管和肺癌",1,992,588,404,36.82,45.48,28.82
"103年","肝和肝內膽管癌",2,666,447,219,24.72,34.58,15.62
"103年","結腸、直腸和肛門癌",2,666,364,302,24.72,28.16,21.55
"103年","胃癌",4,312,199,113,11.58,15.39,8.06
"103年","女性乳房癌",5,289,0,289,20.62,0,20.62
"103年","子宮頸及部位未明示子宮癌",15,58,0,58,4.14,0,4.14
"103年","前列腺(攝護腺)癌",9,151,151,0,11.68,11.68,0
"103年","非何杰金氏淋巴瘤",8,155,92,63,5.75,7.12,4.49
"103年","胰臟癌",6,257,133,124,9.54,10.29,8.85
"103年","口腔癌",7,174,152,22,6.46,11.76,1.57
"103年","食道癌",10,134,124,10,4.97,9.59,0.71
"103年","膽囊和其他膽道癌",13,76,45,31,2.82,3.48,2.21
"103年","白血病",11,98,55,43,3.64,4.25,3.07
"103年","鼻咽癌",13,76,62,14,2.82,4.80,1.00
"103年","卵巢癌",12,84,0,84,5.99,0,5.99
"104年","所有癌症死亡原因",1,5025,2855,2170,185.87,220.37,154.12
"104年","氣管、支氣管和肺癌",1,984,589,395,36.40,45.46,28.05
"104年","肝和肝內膽管癌",3,667,429,238,24.67,33.11,16.90
"104年","結腸、直腸和肛門癌",2,686,361,325,25.37,27.86,23.08
"104年","胃癌",4,295,185,110,10.91,14.28,7.81
"104年","女性乳房癌",5,288,0,288,20.45,0,20.45
"104年","子宮頸及部位未明示子宮癌",14,70,0,70,4.97,0,4.97
"104年","前列腺(攝護腺)癌",8,163,163,0,12.58,12.58,0
"104年","非何杰金氏淋巴瘤",9,153,88,65,5.66,6.79,4.62
"104年","胰臟癌",6,273,140,133,10.10,10.81,9.45
"104年","口腔癌",7,183,161,22,6.77,12.43,1.56
"104年","食道癌",10,133,124,9,4.92,9.57,0.64
"104年","膽囊和其他膽道癌",13,73,37,36,2.70,2.86,2.56
"104年","白血病",11,108,68,40,3.99,5.25,2.84
"104年","鼻咽癌",0,61,61,0,2.26,4.71,0
"104年","卵巢癌",12,77,0,77,5.47,0,5.47
"105年","所有癌症死亡原因",1,5219,2920,2299,193.28,225.92,163.31
"105年","氣管、支氣管和肺癌",1,1070,626,444,39.63,48.43,31.54
"105年","肝和肝內膽管癌",3,672,430,242,24.89,33.27,17.19
"105年","結腸、直腸和肛門癌",2,675,376,299,25.00,29.09,21.24
"105年","胃癌",4,311,197,114,11.52,15.24,8.10
"105年","女性乳房癌",5,302,0,302,21.45,0,21.45
"105年","子宮頸及部位未明示子宮癌",14,72,0,72,5.11,0,5.11
"105年","前列腺(攝護腺)癌",9,167,167,0,12.92,12.92,0
"105年","非何杰金氏淋巴瘤",8,174,98,76,6.44,7.58,5.40
"105年","胰臟癌",6,260,147,113,9.63,11.37,8.03
"105年","口腔癌",7,208,180,28,7.70,13.93,1.99
"105年","食道癌",11,123,108,15,4.56,8.36,1.07
"105年","膽囊和其他膽道癌",16,63,36,27,2.33,2.79,1.92
"105年","白血病",10,133,70,63,4.93,5.42,4.48
"105年","鼻咽癌",16,63,45,18,2.33,3.48,1.28
"105年","卵巢癌",13,107,0,107,7.60,0,7.60
"106年","所有癌症死亡原因",1,5062,2774,2288,188.21,215.76,162.99
"106年","氣管、支氣管和肺癌",1,1034,605,429,38.45,47.06,30.56
"106年","肝和肝內膽管癌",3,658,437,221,24.47,33.99,15.74
"106年","結腸、直腸和肛門癌",2,670,348,322,24.91,27.07,22.94
"106年","胃癌",7,278,180,98,10.34,14.00,6.98
"106年","女性乳房癌",4,323,0,323,23.01,0,23.01
"106年","子宮頸及部位未明示子宮癌",10,76,0,76,5.41,0,5.41
"106年","前列腺(攝護腺)癌",5,177,177,0,13.77,13.77,0
"106年","非何杰金氏淋巴瘤",11,133,72,61,4.95,5.60,4.35
"106年","胰臟癌",6,294,152,142,10.93,11.82,10.12
"106年","口腔癌",9,166,146,20,6.17,11.36,1.42
"106年","食道癌",12,119,104,15,4.42,8.09,1.07
"106年","膽囊和其他膽道癌",19,60,33,27,2.23,2.57,1.92
"106年","白血病",14,115,66,49,4.28,5.13,3.49
"106年","鼻咽癌",20,52,38,14,1.93,2.96,1.00
"106年","卵巢癌",8,89,0,89,6.34,0,6.34
"107年","所有癌症死亡原因",1,5238,2926,2312,195.75,229.01,165.35
"107年","氣管、支氣管和肺癌",1,1053,629,424,39.35,49.23,30.32
"107年","肝和肝內膽管癌",3,679,432,247,25.37,33.81,17.66
"107年","結腸、直腸和肛門癌",2,705,391,314,26.35,30.60,22.46
"107年","胃癌",7,288,160,128,10.76,12.52,9.15
"107年","女性乳房癌",4,321,0,321,22.96,0,22.96
"107年","子宮頸及部位未明示子宮癌",12,66,0,66,4.72,0,4.72
"107年","前列腺(攝護腺)癌",5,160,160,0,12.52,12.52,0
"107年","非何杰金氏淋巴瘤",9,159,96,63,5.94,7.51,4.51
"107年","胰臟癌",6,308,158,150,11.51,12.37,10.73
"107年","口腔癌",8,176,161,15,6.58,12.60,1.07
"107年","食道癌",11,140,128,12,5.23,10.02,0.86
"107年","膽囊和其他膽道癌",18,29,29,0,1.08,2.27,0
"107年","白血病",13,124,65,59,4.63,5.09,4.22
"107年","鼻咽癌",20,44,44,0,1.64,3.44,0
"107年","卵巢癌",10,79,0,79,5.65,0,5.65
"108年","所有癌症死亡原因",1,5326,2946,2380,200.47,232.57,171.21
"108年","氣管、支氣管和肺癌",1,1040,615,425,39.14,48.55,30.57
"108年","肝和肝內膽管癌",4,661,421,240,24.88,33.24,17.27
"108年","結腸、直腸和肛門癌",3,721,405,316,27.14,31.97,22.73
"108年","胃癌",7,295,182,113,11.10,14.37,8.13
"108年","女性乳房癌",2,378,0,378,27.19,0,27.19
"108年","子宮頸及部位未明示子宮癌",14,62,0,62,4.46,0,4.46
"108年","前列腺(攝護腺)癌",5,177,177,0,13.97,13.97,0
"108年","非何杰金氏淋巴瘤",9,186,95,91,7.00,7.50,6.55
"108年","胰臟癌",6,314,160,154,11.82,12.63,11.08
"108年","口腔癌",8,200,181,19,7.53,14.29,1.37
"108年","食道癌",11,150,133,17,5.65,10.50,1.22
"108年","膽囊和其他膽道癌",20,62,33,29,2.33,2.61,2.09
"108年","白血病",12,141,78,63,5.31,6.16,4.53
"108年","鼻咽癌",19,66,49,17,2.48,3.87,1.22
"108年","卵巢癌",10,86,0,86,6.19,0,6.19
"109年","所有癌症死亡原因",1,5146,2837,2309,196.13,227.08,168.00
"109年","氣管、支氣管和肺癌",1,1026,593,433,39.10,47.47,31.50
"109年","肝和肝內膽管癌",4,646,438,208,24.62,35.06,15.13
"109年","結腸、直腸和肛門癌",3,667,354,313,25.42,28.34,22.77
"109年","胃癌",7,277,160,117,10.56,12.81,8.51
"109年","女性乳房癌",2,354,0,354,25.76,0,25.76
"109年","子宮頸及部位未明示子宮癌",12,68,0,68,4.95,0,4.95
"109年","前列腺(攝護腺)癌",5,207,207,0,16.57,16.57,0
"109年","非何杰金氏淋巴瘤",9,168,94,74,6.40,7.52,5.38
"109年","胰臟癌",6,324,174,150,12.35,13.93,10.91
"109年","口腔癌",9,184,172,12,7.01,13.77,0.87
"109年","食道癌",13,121,108,13,4.61,8.64,0.95
"109年","膽囊和其他膽道癌",17,70,32,38,2.67,2.56,2.76
"109年","白血病",11,141,82,59,5.37,6.56,4.29
"109年","鼻咽癌",19,47,36,11,1.79,2.88,0.80
"109年","卵巢癌",8,106,0,106,7.71,0,7.71
"110年","所有癌症死亡原因",1,5316,2939,2377,207.38,240.84,176.98
"110年","氣管、支氣管和肺癌",1,995,588,407,38.82,48.19,30.30
"110年","肝和肝內膽管癌",4,642,421,221,25.04,34.50,16.45
"110年","結腸、直腸和肛門癌",2,820,425,395,31.99,34.83,29.41
"110年","胃癌",7,256,147,109,9.99,12.05,8.12
"110年","女性乳房癌",3,365,0,365,27.18,0,27.18
"110年","子宮頸及部位未明示子宮癌",14,60,0,60,4.47,0,4.47
"110年","前列腺(攝護腺)癌",5,212,212,0,17.37,17.37,0
"110年","非何杰金氏淋巴瘤",9,183,100,83,7.14,8.19,6.18
"110年","胰臟癌",6,338,179,159,13.19,14.67,11.84
"110年","口腔癌",8,205,179,26,8.00,14.67,1.94
"110年","食道癌",10,134,118,16,5.23,9.67,1.19
"110年","膽囊和其他膽道癌",19,60,34,26,2.34,2.79,1.94
"110年","白血病",15,114,70,44,4.45,5.74,3.28
"110年","鼻咽癌",18,61,45,16,2.38,3.69,1.19
"110年","卵巢癌",11,68,0,68,5.06,0,5.06
"111年","所有癌症死亡原因",1,5246,2846,2400,209.63,239.26,182.78
"111年","氣管、支氣管和肺癌",1,990,563,427,39.56,47.33,32.52
"111年","肝和肝內膽管癌",4,601,391,210,24.02,32.87,15.99
"111年","結腸、直腸和肛門癌",2,754,411,343,30.13,34.55,26.12
"111年","胃癌",7,277,161,116,11.07,13.54,8.83
"111年","女性乳房癌",3,394,0,394,30.01,0,30.01
"111年","子宮頸及部位未明示子宮癌",12,66,0,66,5.03,0,5.03
"111年","前列腺(攝護腺)癌",5,208,208,0,17.49,17.49,0
"111年","非何杰金氏淋巴瘤",10,177,102,75,7.07,8.58,5.71
"111年","胰臟癌",6,352,185,167,14.07,15.55,12.72
"111年","口腔癌",8,195,171,24,7.79,14.38,1.83
"111年","食道癌",15,112,93,19,4.48,7.82,1.45
"111年","膽囊和其他膽道癌",18,58,32,26,2.32,2.69,1.98
"111年","白血病",11,138,83,55,5.51,6.98,4.19
"111年","鼻咽癌",20,47,35,12,1.88,2.94,0.91
"111年","卵巢癌",9,97,0,97,7.39,0,7.39
"112年","所有癌症死亡原因",1,5325,2896,2429,213.32,245.00,184.82
"112年","氣管、支氣管和肺癌",1,1073,588,485,42.98,49.74,36.90
"112年","肝和肝內膽管癌",4,617,414,203,24.72,35.02,15.45
"112年","結腸、直腸和肛門癌",2,754,414,340,30.20,35.02,25.87
"112年","胃癌",7,277,155,122,11.10,13.11,9.28
"112年","女性乳房癌",3,352,0,352,26.78,0,26.78
"112年","子宮頸及部位未明示子宮癌",13,58,0,58,4.41,0,4.41
"112年","前列腺(攝護腺)癌",5,226,226,0,19.12,19.12,0
"112年","非何杰金氏淋巴瘤",8,190,117,73,7.61,9.90,5.55
"112年","胰臟癌",6,365,192,173,14.62,16.24,13.16
"112年","口腔癌",8,190,161,29,7.61,13.62,2.21
"112年","食道癌",11,126,109,17,5.05,9.22,1.29
"112年","膽囊和其他膽道癌",19,56,29,27,2.24,2.45,2.05
"112年","白血病",12,111,54,57,4.45,4.57,4.34
"112年","鼻咽癌",20,51,38,13,2.04,3.21,0.99
"112年","卵巢癌",10,96,0,96,7.30,0,7.30

