git年份,性別,縣市,癌症類別,發生率,癌症發生數,平均年齡,年齡中位數,粗率 (每10萬人口)
2018,全,台北市,口腔、口咽及下咽,11.57,518 ,61.09,61.0,19.41
2018,全,台北市,主唾液腺,0.86,39 ,62.51,62.0,1.46
2018,全,台北市,鼻咽,3.9,148 ,54.18,53.0,5.55
2018,全,台北市,食道,4.24,204 ,64.63,63.0,7.64
2018,全,台北市,胃,10.75,562 ,70.6,70.5,21.06
2018,全,台北市,小腸,0.95,42 ,62.19,60.0,1.57
2018,全,台北市,結直腸,36.77,"1,838 ",68.11,68.0,68.88
2018,全,台北市,肝及肝內膽管,19.32,973 ,68.64,69.0,36.46
2018,全,台北市,膽囊及肝外膽管,2.18,118 ,72.86,73.5,4.42
2018,全,台北市,胰,7.15,369 ,70.56,70.0,13.83
2018,全,台北市,後腹膜腔及腹膜,1.18,53 ,64.09,65.0,1.99
2018,全,台北市,消化器官其他分界不明部位,0.01,1 ,92.0,92.0,0.04
2018,全,台北市,鼻腔、中耳及副鼻竇,0.74,28 ,55.71,56.0,1.05
2018,全,台北市,喉,1.34,67 ,68.84,70.0,2.51
2018,全,台北市,肺、支氣管及氣管,39.59,"1,943 ",66.93,67.0,72.81
2018,全,台北市,胸膜,0.2,10 ,67.6,67.5,0.37
2018,全,台北市,胸腺、心臟與中隔,2.47,91 ,54.79,54.0,3.41
2018,全,台北市,骨、關節及關節軟骨,0.64,17 ,44.53,45.0,0.64
2018,全,台北市,結締組織、皮下組織及其他軟組織,2.28,91 ,58.98,59.0,3.41
2018,全,台北市,皮膚,6.64,354 ,71.97,74.0,13.27
2018,全,台北市,膀胱,4.22,232 ,73.19,73.5,8.69
2018,全,台北市,腎,4.93,218 ,61.58,62.0,8.17
2018,全,台北市,腎盂及其他泌尿系統,3.12,166 ,72.07,74.0,6.22
2018,全,台北市,眼及淚腺,0.06,3 ,64.67,62.0,0.11
2018,全,台北市,腦,2.38,80 ,55.1,62.0,3.0
2018,全,台北市,其他神經系統,0.3,9 ,50.11,49.0,0.34
2018,全,台北市,甲狀腺,15.09,529 ,50.35,50.0,19.82
2018,全,台北市,其他內分泌腺,0.99,29 ,43.83,53.0,1.09
2018,全,台北市,其他分界不明的部位,0.07,3 ,68.33,79.0,0.11
2018,全,台北市,不明原發部位,1.59,86 ,72.26,74.0,3.22
2018,全,台北市,何杰金氏淋巴瘤,1.78,42 ,36.93,31.0,1.57
2018,全,台北市,白血病,7.95,314 ,60.79,65.0,11.77
2018,全,台北市,非何杰金氏淋巴瘤,7.95,369 ,65.07,66.0,13.83
2018,全,台北市,漿細胞瘤,2.04,102 ,68.94,70.0,3.82
2018,全,台北市,全癌症,297.13,"13,682 ",64.45,65.0,512.71
2018,全,新北市,口腔、口咽及下咽,20.08,"1,260 ",57.88,57.0,31.53
2018,全,新北市,主唾液腺,0.98,56 ,54.95,55.0,1.4
2018,全,新北市,鼻咽,5.03,288 ,52.97,53.0,7.21
2018,全,新北市,食道,6.61,428 ,60.3,59.0,10.71
2018,全,新北市,胃,11.21,729 ,67.67,67.0,18.24
2018,全,新北市,小腸,1.19,73 ,61.58,63.0,1.83
2018,全,新北市,結直腸,42.22,"2,712 ",64.88,65.0,67.87
2018,全,新北市,肝及肝內膽管,25.38,"1,641 ",65.13,65.0,41.07
2018,全,新北市,膽囊及肝外膽管,2.95,192 ,69.45,69.0,4.81
2018,全,新北市,胰,7.25,474 ,66.9,67.0,11.86
2018,全,新北市,後腹膜腔及腹膜,1.37,77 ,60.32,63.0,1.93
2018,全,新北市,消化器官其他分界不明部位,0.06,4 ,67.25,62.0,0.1
2018,全,新北市,鼻腔、中耳及副鼻竇,0.69,41 ,59.8,59.0,1.03
2018,全,新北市,喉,2.26,149 ,63.67,63.0,3.73
2018,全,新北市,肺、支氣管及氣管,42.5,"2,755 ",65.51,65.0,68.95
2018,全,新北市,胸膜,0.2,14 ,71.0,67.5,0.35
2018,全,新北市,胸腺、心臟與中隔,1.98,115 ,55.74,58.0,2.88
2018,全,新北市,骨、關節及關節軟骨,0.6,27 ,46.52,51.0,0.68
2018,全,新北市,結締組織、皮下組織及其他軟組織,2.34,127 ,56.09,58.0,3.18
2018,全,新北市,皮膚,8.32,540 ,71.01,72.0,13.51
2018,全,新北市,膀胱,5.95,388 ,70.23,70.0,9.71
2018,全,新北市,腎,5.1,310 ,58.96,59.0,7.76
2018,全,新北市,腎盂及其他泌尿系統,3.13,202 ,70.05,70.5,5.06
2018,全,新北市,眼及淚腺,0.36,12 ,34.33,46.5,0.3
2018,全,新北市,腦,2.67,140 ,54.6,58.5,3.5
2018,全,新北市,其他神經系統,0.24,14 ,63.43,62.5,0.35
2018,全,新北市,甲狀腺,15.11,802 ,48.41,48.0,20.07
2018,全,新北市,其他內分泌腺,0.83,37 ,44.11,47.0,0.93
2018,全,新北市,其他分界不明的部位,0.28,16 ,57.06,60.0,0.4
2018,全,新北市,不明原發部位,1.51,99 ,68.76,67.0,2.48
2018,全,新北市,何杰金氏淋巴瘤,0.94,35 ,38.03,37.0,0.88
2018,全,新北市,白血病,8.73,461 ,57.48,61.0,11.54
2018,全,新北市,非何杰金氏淋巴瘤,8.79,535 ,62.38,63.0,13.39
2018,全,新北市,漿細胞瘤,1.63,106 ,67.38,68.0,2.65
2018,全,新北市,全癌症,323.98,"20,064 ",62.0,62.0,502.14
2018,男,台北市,口腔、口咽及下咽,21.53,440 ,60.64,61.0,34.55
2018,男,台北市,主唾液腺,1.15,25 ,63.96,65.0,1.96
2018,男,台北市,鼻咽,6.3,112 ,54.92,54.0,8.8
2018,男,台北市,食道,8.09,178 ,64.15,63.0,13.98
2018,男,台北市,胃,13.6,321 ,70.8,71.0,25.21
2018,男,台北市,小腸,1.23,23 ,60.48,59.0,1.81
2018,男,台北市,結直腸,43.61,974 ,67.3,67.0,76.49
2018,男,台北市,肝及肝內膽管,29.3,659 ,67.04,66.0,51.75
2018,男,台北市,膽囊及肝外膽管,1.91,47 ,73.91,73.0,3.69
2018,男,台北市,胰,7.89,184 ,69.68,69.0,14.45
2018,男,台北市,後腹膜腔及腹膜,0.66,12 ,57.25,63.5,0.94
2018,男,台北市,消化器官其他分界不明部位,0.02,1 ,92.0,92.0,0.08
2018,男,台北市,鼻腔、中耳及副鼻竇,1.27,23 ,58.35,60.0,1.81
2018,男,台北市,喉,2.81,64 ,69.11,70.0,5.03
2018,男,台北市,肺、支氣管及氣管,40.94,926 ,68.5,69.0,72.72
2018,男,台北市,胸膜,0.35,8 ,67.75,67.5,0.63
2018,男,台北市,胸腺、心臟與中隔,2.89,52 ,56.56,54.0,4.08
2018,男,台北市,骨、關節及關節軟骨,0.59,7 ,41.0,40.0,0.55
2018,男,台北市,結締組織、皮下組織及其他軟組織,2.86,50 ,57.52,63.0,3.93
2018,男,台北市,皮膚,8.09,192 ,71.47,74.0,15.08
2018,男,台北市,男性乳房,0.35,8 ,73.38,78.0,0.63
2018,男,台北市,攝護腺,41.87,"1,008 ",72.67,72.0,79.16
2018,男,台北市,睪丸,2.3,25 ,29.72,32.0,1.96
2018,男,台北市,其他男性生殖器官,0.6,14 ,65.43,64.0,1.1
2018,男,台北市,膀胱,6.45,158 ,73.3,73.0,12.41
2018,男,台北市,腎,7.6,157 ,61.91,62.0,12.33
2018,男,台北市,腎盂及其他泌尿系統,3.32,75 ,69.16,69.0,5.89
2018,男,台北市,眼及淚腺,0.05,1 ,74.0,74.0,0.08
2018,男,台北市,腦,3.28,51 ,54.1,61.0,4.01
2018,男,台北市,其他神經系統,0.37,6 ,55.83,58.5,0.47
2018,男,台北市,甲狀腺,9.41,155 ,50.92,49.0,12.17
2018,男,台北市,其他內分泌腺,1.0,13 ,41.0,50.0,1.02
2018,男,台北市,其他分界不明的部位,0.15,3 ,68.33,79.0,0.24
2018,男,台北市,不明原發部位,1.73,41 ,69.49,67.0,3.22
2018,男,台北市,何杰金氏淋巴瘤,1.95,22 ,35.18,31.0,1.73
2018,男,台北市,白血病,8.95,167 ,62.23,67.0,13.11
2018,男,台北市,非何杰金氏淋巴瘤,9.68,204 ,64.8,65.5,16.02
2018,男,台北市,漿細胞瘤,2.45,56 ,68.96,68.0,4.4
2018,男,台北市,全癌症,297.32,"6,473 ",66.7,67.0,508.33
2018,男,新北市,口腔、口咽及下咽,38.13,"1,124 ",57.36,57.0,57.49
2018,男,新北市,主唾液腺,1.37,37 ,54.38,55.0,1.89
2018,男,新北市,鼻咽,7.62,209 ,53.22,54.0,10.69
2018,男,新北市,食道,13.19,397 ,59.79,59.0,20.31
2018,男,新北市,胃,14.57,440 ,67.88,67.5,22.51
2018,男,新北市,小腸,1.59,46 ,60.96,62.0,2.35
2018,男,新北市,結直腸,51.82,"1,553 ",64.76,65.0,79.44
2018,男,新北市,肝及肝內膽管,39.48,"1,177 ",63.17,63.0,60.21
2018,男,新北市,膽囊及肝外膽管,3.33,98 ,69.69,70.0,5.01
2018,男,新北市,胰,8.55,258 ,66.33,66.0,13.2
2018,男,新北市,後腹膜腔及腹膜,0.89,22 ,57.36,62.5,1.13
2018,男,新北市,消化器官其他分界不明部位,0.08,2 ,62.0,62.0,0.1
2018,男,新北市,鼻腔、中耳及副鼻竇,0.74,22 ,58.55,57.0,1.13
2018,男,新北市,喉,4.64,141 ,63.77,63.0,7.21
2018,男,新北市,肺、支氣管及氣管,48.43,"1,448 ",66.54,66.0,74.07
2018,男,新北市,胸膜,0.35,11 ,69.18,67.0,0.56
2018,男,新北市,胸腺、心臟與中隔,2.62,71 ,54.21,55.0,3.63
2018,男,新北市,骨、關節及關節軟骨,0.79,17 ,45.82,51.0,0.87
2018,男,新北市,結締組織、皮下組織及其他軟組織,2.84,73 ,55.55,56.0,3.73
2018,男,新北市,皮膚,9.67,288 ,70.65,71.0,14.73
2018,男,新北市,男性乳房,0.32,9 ,66.22,67.0,0.46
2018,男,新北市,攝護腺,39.47,"1,173 ",71.76,71.0,60.0
2018,男,新北市,睪丸,2.48,47 ,31.53,32.0,2.4
2018,男,新北市,其他男性生殖器官,0.57,17 ,70.41,69.0,0.87
2018,男,新北市,膀胱,8.99,268 ,69.85,69.0,13.71
2018,男,新北市,腎,7.35,212 ,59.43,59.0,10.84
2018,男,新北市,腎盂及其他泌尿系統,2.76,82 ,66.98,67.0,4.19
2018,男,新北市,眼及淚腺,0.38,5 ,24.6,2.0,0.26
2018,男,新北市,腦,2.86,76 ,57.46,63.0,3.89
2018,男,新北市,其他神經系統,0.26,7 ,63.86,61.0,0.36
2018,男,新北市,甲狀腺,8.24,209 ,47.48,47.0,10.69
2018,男,新北市,其他內分泌腺,0.81,16 ,39.13,40.5,0.82
2018,男,新北市,其他分界不明的部位,0.43,12 ,57.25,60.0,0.61
2018,男,新北市,不明原發部位,2.05,60 ,65.82,66.0,3.07
2018,男,新北市,何杰金氏淋巴瘤,1.22,22 ,38.86,34.0,1.13
2018,男,新北市,白血病,10.46,257 ,58.65,63.0,13.15
2018,男,新北市,非何杰金氏淋巴瘤,10.08,284 ,61.59,62.0,14.53
2018,男,新北市,漿細胞瘤,2.07,60 ,66.93,68.5,3.07
2018,男,新北市,全癌症,352.01,"10,263 ",63.65,64.0,524.97
2018,女,台北市,口腔、口咽及下咽,3.16,78 ,63.63,64.5,5.59
2018,女,台北市,主唾液腺,0.62,14 ,59.93,60.0,1.0
2018,女,台北市,鼻咽,1.82,36 ,51.86,51.0,2.58
2018,女,台北市,食道,0.99,26 ,67.92,68.0,1.86
2018,女,台北市,胃,8.48,241 ,70.34,70.0,17.27
2018,女,台北市,小腸,0.74,19 ,64.26,62.0,1.36
2018,女,台北市,結直腸,31.11,864 ,69.02,69.0,61.93
2018,女,台北市,肝及肝內膽管,10.91,314 ,72.0,73.0,22.51
2018,女,台北市,膽囊及肝外膽管,2.4,71 ,72.15,74.0,5.09
2018,女,台北市,胰,6.56,185 ,71.44,72.0,13.26
2018,女,台北市,後腹膜腔及腹膜,1.59,41 ,66.1,65.0,2.94
2018,女,台北市,鼻腔、中耳及副鼻竇,0.29,5 ,43.6,43.0,0.36
2018,女,台北市,喉,0.13,3 ,63.0,58.0,0.22
2018,女,台北市,肺、支氣管及氣管,38.78,"1,017 ",65.5,65.0,72.89
2018,女,台北市,胸膜,0.08,2 ,67.0,67.0,0.14
2018,女,台北市,胸腺、心臟與中隔,2.15,39 ,52.44,55.0,2.8
2018,女,台北市,骨、關節及關節軟骨,0.69,10 ,47.0,47.5,0.72
2018,女,台北市,結締組織、皮下組織及其他軟組織,1.73,41 ,60.76,58.0,2.94
2018,女,台北市,皮膚,5.47,162 ,72.56,74.0,11.61
2018,女,台北市,女性乳房,97.19,"2,179 ",57.67,57.0,156.18
2018,女,台北市,子宮頸,6.94,159 ,58.96,57.0,11.4
2018,女,台北市,子宮體,17.94,403 ,57.17,56.0,28.88
2018,女,台北市,卵巢、輸卵管及寬韌帶,9.17,197 ,56.93,56.0,14.12
2018,女,台北市,其他女性生殖器官,0.92,23 ,63.3,61.0,1.65
2018,女,台北市,膀胱,2.43,74 ,72.93,75.0,5.3
2018,女,台北市,腎,2.67,61 ,60.72,65.0,4.37
2018,女,台北市,腎盂及其他泌尿系統,2.94,91 ,74.47,76.0,6.52
2018,女,台北市,眼及淚腺,0.08,2 ,60.0,60.0,0.14
2018,女,台北市,腦,1.54,29 ,56.86,64.0,2.08
2018,女,台北市,其他神經系統,0.25,3 ,38.67,46.0,0.22
2018,女,台北市,甲狀腺,20.13,374 ,50.12,51.0,26.81
2018,女,台北市,其他內分泌腺,0.97,16 ,46.13,55.5,1.15
2018,女,台北市,不明原發部位,1.46,45 ,74.78,79.0,3.23
2018,女,台北市,何杰金氏淋巴瘤,1.59,20 ,38.85,32.0,1.43
2018,女,台北市,白血病,7.14,147 ,59.15,64.0,10.54
2018,女,台北市,非何杰金氏淋巴瘤,6.47,165 ,65.4,66.0,11.83
2018,女,台北市,漿細胞瘤,1.68,46 ,68.91,70.0,3.3
2018,女,台北市,全癌症,299.44,"7,209 ",62.44,62.0,516.7
2018,女,新北市,口腔、口咽及下咽,4.06,136 ,62.18,60.5,6.66
2018,女,新北市,主唾液腺,0.63,19 ,56.05,53.0,0.93
2018,女,新北市,鼻咽,2.7,79 ,52.3,53.0,3.87
2018,女,新北市,食道,0.86,31 ,66.77,64.0,1.52
2018,女,新北市,胃,8.38,289 ,67.35,67.0,14.16
2018,女,新北市,小腸,0.82,27 ,62.63,63.0,1.32
2018,女,新北市,結直腸,33.92,"1,159 ",65.03,65.0,56.79
2018,女,新北市,肝及肝內膽管,13.1,464 ,70.11,70.0,22.74
2018,女,新北市,膽囊及肝外膽管,2.63,94 ,69.19,68.5,4.61
2018,女,新北市,胰,6.18,216 ,67.58,68.0,10.58
2018,女,新北市,後腹膜腔及腹膜,1.8,55 ,61.51,63.0,2.7
2018,女,新北市,消化器官其他分界不明部位,0.06,2 ,72.5,72.5,0.1
2018,女,新北市,鼻腔、中耳及副鼻竇,0.64,19 ,61.26,66.0,0.93
2018,女,新北市,喉,0.23,8 ,61.88,61.0,0.39
2018,女,新北市,肺、支氣管及氣管,37.78,"1,307 ",64.37,64.0,64.05
2018,女,新北市,胸膜,0.08,3 ,77.67,83.0,0.15
2018,女,新北市,胸腺、心臟與中隔,1.38,44 ,58.2,60.5,2.16
2018,女,新北市,骨、關節及關節軟骨,0.43,10 ,47.7,52.0,0.49
2018,女,新北市,結締組織、皮下組織及其他軟組織,1.88,54 ,56.81,58.0,2.65
2018,女,新北市,皮膚,7.22,252 ,71.41,74.0,12.35
2018,女,新北市,女性乳房,87.99,"2,792 ",55.84,55.0,136.81
2018,女,新北市,子宮,0.02,1 ,64.0,64.0,0.05
2018,女,新北市,子宮頸,8.09,250 ,57.72,56.5,12.25
2018,女,新北市,子宮體,17.68,569 ,56.07,56.0,27.88
2018,女,新北市,卵巢、輸卵管及寬韌帶,10.06,299 ,53.05,54.0,14.65
2018,女,新北市,其他女性生殖器官,0.8,28 ,66.79,68.0,1.37
2018,女,新北市,膀胱,3.41,120 ,71.08,71.5,5.88
2018,女,新北市,腎,3.14,98 ,57.94,58.0,4.8
2018,女,新北市,腎盂及其他泌尿系統,3.41,120 ,72.16,73.0,5.88
2018,女,新北市,眼及淚腺,0.32,7 ,41.29,49.0,0.34
2018,女,新北市,腦,2.54,64 ,51.2,52.5,3.14
2018,女,新北市,其他神經系統,0.22,7 ,63.0,64.0,0.34
2018,女,新北市,甲狀腺,21.58,593 ,48.74,49.0,29.06
2018,女,新北市,其他內分泌腺,0.83,21 ,47.9,53.0,1.03
2018,女,新北市,其他分界不明的部位,0.14,4 ,56.5,60.0,0.2
2018,女,新北市,不明原發部位,1.05,39 ,73.28,70.0,1.91
2018,女,新北市,何杰金氏淋巴瘤,0.66,13 ,36.62,37.0,0.64
2018,女,新北市,白血病,7.26,204 ,56.01,59.5,10.0
2018,女,新北市,非何杰金氏淋巴瘤,7.58,251 ,63.27,64.0,12.3
2018,女,新北市,漿細胞瘤,1.27,46 ,67.96,68.0,2.25
2018,女,新北市,全癌症,303.07,"9,801 ",60.27,60.0,480.26
2019,全,台北市,口腔、口咽及下咽,11.64,520 ,60.68,60.0,19.66
2019,全,台北市,主唾液腺,0.49,23 ,64.7,67.0,0.87
2019,全,台北市,鼻咽,3.47,138 ,55.71,55.5,5.22
2019,全,台北市,食道,4.0,198 ,65.08,63.0,7.49
2019,全,台北市,胃,9.66,512 ,70.26,70.0,19.36
2019,全,台北市,小腸,1.11,54 ,65.28,67.0,2.04
2019,全,台北市,結直腸,38.41,"1,941 ",67.93,68.0,73.38
2019,全,台北市,肝及肝內膽管,16.97,883 ,68.91,68.0,33.38
2019,全,台北市,膽囊及肝外膽管,2.2,123 ,73.32,74.0,4.65
2019,全,台北市,胰,6.8,356 ,69.28,68.0,13.46
2019,全,台北市,後腹膜腔及腹膜,1.04,46 ,63.3,65.0,1.74
2019,全,台北市,消化器官其他分界不明部位,0.05,3 ,74.33,77.0,0.11
2019,全,台北市,鼻腔、中耳及副鼻竇,0.66,29 ,61.97,59.0,1.1
2019,全,台北市,喉,1.73,87 ,67.09,66.0,3.29
2019,全,台北市,肺、支氣管及氣管,42.17,"2,113 ",67.19,67.0,79.89
2019,全,台北市,胸膜,0.16,9 ,71.67,65.0,0.34
2019,全,台北市,胸腺、心臟與中隔,2.01,74 ,54.5,56.5,2.8
2019,全,台北市,骨、關節及關節軟骨,0.8,24 ,50.42,51.0,0.91
2019,全,台北市,結締組織、皮下組織及其他軟組織,1.61,66 ,61.3,65.5,2.5
2019,全,台北市,皮膚,7.63,432 ,73.99,76.0,16.33
2019,全,台北市,膀胱,4.81,267 ,72.93,74.0,10.09
2019,全,台北市,腎,4.95,222 ,62.24,63.0,8.39
2019,全,台北市,腎盂及其他泌尿系統,3.29,183 ,72.75,73.0,6.92
2019,全,台北市,眼及淚腺,0.24,7 ,45.86,60.0,0.26
2019,全,台北市,腦,3.17,97 ,49.23,52.0,3.67
2019,全,台北市,其他神經系統,0.35,10 ,43.1,43.0,0.38
2019,全,台北市,甲狀腺,15.76,552 ,50.14,50.0,20.87
2019,全,台北市,其他內分泌腺,0.47,15 ,47.4,49.0,0.57
2019,全,台北市,其他分界不明的部位,0.08,5 ,75.0,77.0,0.19
2019,全,台北市,不明原發部位,1.35,75 ,72.65,73.0,2.84
2019,全,台北市,何杰金氏淋巴瘤,0.7,19 ,44.26,42.0,0.72
2019,全,台北市,白血病,8.24,335 ,61.87,66.0,12.67
2019,全,台北市,非何杰金氏淋巴瘤,8.22,390 ,66.59,67.0,14.74
2019,全,台北市,漿細胞瘤,1.53,82 ,69.68,68.5,3.1
2019,全,台北市,全癌症,296.59,"13,928 ",64.81,65.0,526.57
2019,全,新北市,口腔、口咽及下咽,18.84,"1,222 ",58.46,58.0,30.41
2019,全,新北市,主唾液腺,0.98,57 ,55.35,57.0,1.42
2019,全,新北市,鼻咽,4.67,268 ,52.03,52.0,6.67
2019,全,新北市,食道,6.61,451 ,61.42,61.0,11.22
2019,全,新北市,胃,10.75,723 ,67.52,68.0,17.99
2019,全,新北市,小腸,1.19,77 ,62.53,63.0,1.92
2019,全,新北市,結直腸,41.46,"2,755 ",64.98,65.0,68.55
2019,全,新北市,肝及肝內膽管,24.51,"1,655 ",65.92,66.0,41.18
2019,全,新北市,膽囊及肝外膽管,2.87,198 ,69.81,69.0,4.93
2019,全,新北市,胰,6.77,452 ,66.38,66.5,11.25
2019,全,新北市,後腹膜腔及腹膜,0.82,54 ,63.98,65.0,1.34
2019,全,新北市,消化器官其他分界不明部位,0.06,4 ,66.25,68.0,0.1
2019,全,新北市,鼻腔、中耳及副鼻竇,0.95,53 ,55.15,53.0,1.32
2019,全,新北市,喉,2.16,146 ,63.8,64.0,3.63
2019,全,新北市,肺、支氣管及氣管,42.41,"2,869 ",65.68,65.0,71.39
2019,全,新北市,胸膜,0.2,13 ,66.08,70.0,0.32
2019,全,新北市,胸腺、心臟與中隔,1.76,100 ,55.36,57.0,2.49
2019,全,新北市,骨、關節及關節軟骨,0.72,26 ,37.54,36.5,0.65
2019,全,新北市,結締組織、皮下組織及其他軟組織,2.04,110 ,55.82,59.0,2.74
2019,全,新北市,皮膚,8.15,550 ,70.76,71.0,13.69
2019,全,新北市,膀胱,5.46,373 ,69.18,69.0,9.28
2019,全,新北市,腎,5.82,365 ,59.59,61.0,9.08
2019,全,新北市,腎盂及其他泌尿系統,3.73,258 ,71.35,71.0,6.42
2019,全,新北市,眼及淚腺,0.42,14 ,39.64,41.0,0.35
2019,全,新北市,腦,2.41,119 ,51.73,55.0,2.96
2019,全,新北市,其他神經系統,0.24,12 ,53.42,55.5,0.3
2019,全,新北市,甲狀腺,15.55,856 ,49.79,50.0,21.3
2019,全,新北市,其他內分泌腺,1.24,45 ,40.18,47.0,1.12
2019,全,新北市,其他分界不明的部位,0.21,14 ,58.79,62.0,0.35
2019,全,新北市,不明原發部位,1.66,112 ,70.87,72.5,2.79
2019,全,新北市,何杰金氏淋巴瘤,0.94,43 ,45.67,47.0,1.07
2019,全,新北市,白血病,9.08,463 ,56.15,60.0,11.52
2019,全,新北市,非何杰金氏淋巴瘤,8.6,537 ,61.85,64.0,13.36
2019,全,新北市,漿細胞瘤,1.8,126 ,68.11,67.0,3.14
2019,全,新北市,全癌症,322.03,"20,540 ",62.08,63.0,511.11
2019,男,台北市,口腔、口咽及下咽,21.77,441 ,59.89,59.0,35.0
2019,男,台北市,主唾液腺,0.55,12 ,68.08,68.5,0.95
2019,男,台北市,鼻咽,5.83,105 ,55.31,55.0,8.33
2019,男,台北市,食道,7.83,174 ,64.26,62.0,13.81
2019,男,台北市,胃,12.01,292 ,71.16,70.5,23.17
2019,男,台北市,小腸,0.9,19 ,61.26,66.0,1.51
2019,男,台北市,結直腸,46.54,"1,061 ",67.47,67.0,84.2
2019,男,台北市,肝及肝內膽管,26.43,608 ,67.25,67.0,48.25
2019,男,台北市,膽囊及肝外膽管,2.83,66 ,70.21,70.5,5.24
2019,男,台北市,胰,7.58,179 ,68.79,68.0,14.21
2019,男,台北市,後腹膜腔及腹膜,0.57,9 ,52.11,61.0,0.71
2019,男,台北市,消化器官其他分界不明部位,0.12,3 ,74.33,77.0,0.24
2019,男,台北市,鼻腔、中耳及副鼻竇,0.91,19 ,63.79,59.0,1.51
2019,男,台北市,喉,3.54,80 ,67.2,67.0,6.35
2019,男,台北市,肺、支氣管及氣管,42.48,990 ,68.74,68.0,78.57
2019,男,台北市,胸膜,0.26,7 ,76.57,80.0,0.56
2019,男,台北市,胸腺、心臟與中隔,2.77,46 ,52.3,55.5,3.65
2019,男,台北市,骨、關節及關節軟骨,0.94,14 ,52.07,63.0,1.11
2019,男,台北市,結締組織、皮下組織及其他軟組織,2.07,39 ,61.23,66.0,3.1
2019,男,台北市,皮膚,8.97,224 ,73.19,76.0,17.78
2019,男,台北市,男性乳房,0.4,9 ,67.89,67.0,0.71
2019,男,台北市,攝護腺,41.01,"1,023 ",72.63,72.0,81.19
2019,男,台北市,睪丸,2.33,29 ,38.1,33.0,2.3
2019,男,台北市,其他男性生殖器官,0.48,12 ,70.5,62.5,0.95
2019,男,台北市,膀胱,7.23,180 ,72.73,72.0,14.29
2019,男,台北市,腎,7.81,154 ,60.16,61.0,12.22
2019,男,台北市,腎盂及其他泌尿系統,2.85,70 ,70.8,71.0,5.56
2019,男,台北市,眼及淚腺,0.46,6 ,41.0,50.5,0.48
2019,男,台北市,腦,3.63,54 ,49.67,57.0,4.29
2019,男,台北市,其他神經系統,0.24,4 ,50.0,45.0,0.32
2019,男,台北市,甲狀腺,7.96,134 ,50.56,51.0,10.63
2019,男,台北市,其他內分泌腺,0.45,7 ,46.71,55.0,0.56
2019,男,台北市,其他分界不明的部位,0.15,4 ,74.5,73.0,0.32
2019,男,台北市,不明原發部位,1.35,33 ,70.79,70.0,2.62
2019,男,台北市,何杰金氏淋巴瘤,0.87,11 ,44.09,35.0,0.87
2019,男,台北市,白血病,10.21,191 ,61.08,66.0,15.16
2019,男,台北市,非何杰金氏淋巴瘤,9.22,194 ,65.95,67.0,15.4
2019,男,台北市,漿細胞瘤,1.93,47 ,70.62,69.0,3.73
2019,男,台北市,全癌症,294.24,"6,564 ",66.96,67.0,520.93
2019,男,新北市,口腔、口咽及下咽,36.03,"1,096 ",57.98,58.0,55.81
2019,男,新北市,主唾液腺,0.95,28 ,58.11,60.0,1.43
2019,男,新北市,鼻咽,7.62,211 ,51.82,52.0,10.75
2019,男,新北市,食道,13.16,418 ,61.06,60.0,21.29
2019,男,新北市,胃,13.9,434 ,68.01,68.0,22.1
2019,男,新北市,小腸,1.59,47 ,59.98,61.0,2.39
2019,男,新北市,結直腸,49.79,"1,533 ",64.56,65.0,78.07
2019,男,新北市,肝及肝內膽管,36.82,"1,150 ",63.87,64.0,58.56
2019,男,新北市,膽囊及肝外膽管,3.14,98 ,67.99,68.0,4.99
2019,男,新北市,胰,7.52,235 ,65.25,65.0,11.97
2019,男,新北市,後腹膜腔及腹膜,0.58,18 ,64.17,64.5,0.92
2019,男,新北市,消化器官其他分界不明部位,0.04,1 ,51.0,51.0,0.05
2019,男,新北市,鼻腔、中耳及副鼻竇,1.37,36 ,54.08,52.5,1.83
2019,男,新北市,喉,4.32,135 ,63.77,63.0,6.87
2019,男,新北市,肺、支氣管及氣管,48.43,"1,511 ",66.98,67.0,76.95
2019,男,新北市,胸膜,0.3,9 ,67.56,70.0,0.46
2019,男,新北市,胸腺、心臟與中隔,2.39,63 ,54.51,56.0,3.21
2019,男,新北市,骨、關節及關節軟骨,0.84,16 ,39.88,40.0,0.81
2019,男,新北市,結締組織、皮下組織及其他軟組織,2.45,60 ,54.7,58.5,3.06
2019,男,新北市,皮膚,9.46,289 ,69.61,70.0,14.72
2019,男,新北市,男性乳房,0.34,11 ,69.09,70.0,0.56
2019,男,新北市,攝護腺,38.75,"1,214 ",71.63,71.0,61.82
2019,男,新北市,睪丸,3.01,58 ,33.38,31.5,2.95
2019,男,新北市,其他男性生殖器官,0.56,18 ,65.06,62.5,0.92
2019,男,新北市,膀胱,8.69,268 ,68.78,69.0,13.65
2019,男,新北市,腎,8.53,254 ,58.82,60.0,12.94
2019,男,新北市,腎盂及其他泌尿系統,3.64,114 ,68.35,67.5,5.81
2019,男,新北市,眼及淚腺,0.3,6 ,51.5,57.5,0.31
2019,男,新北市,腦,2.35,58 ,53.98,57.0,2.95
2019,男,新北市,其他神經系統,0.15,4 ,51.5,55.5,0.2
2019,男,新北市,甲狀腺,8.82,240 ,50.55,51.0,12.22
2019,男,新北市,其他內分泌腺,1.48,24 ,35.54,39.0,1.22
2019,男,新北市,其他分界不明的部位,0.4,13 ,59.31,64.0,0.66
2019,男,新北市,不明原發部位,2.14,66 ,69.92,71.0,3.36
2019,男,新北市,何杰金氏淋巴瘤,0.94,21 ,45.76,47.0,1.07
2019,男,新北市,白血病,11.41,272 ,55.53,60.0,13.85
2019,男,新北市,非何杰金氏淋巴瘤,10.22,294 ,61.69,64.0,14.97
2019,男,新北市,漿細胞瘤,2.01,64 ,68.3,68.0,3.26
2019,男,新北市,全癌症,344.91,"10,397 ",63.72,64.0,529.47
2019,女,台北市,口腔、口咽及下咽,3.03,79 ,65.08,65.0,5.7
2019,女,台北市,主唾液腺,0.45,11 ,61.0,63.0,0.79
2019,女,台北市,鼻咽,1.44,33 ,56.97,57.0,2.38
2019,女,台北市,食道,0.79,24 ,71.0,66.5,1.73
2019,女,台北市,胃,7.78,220 ,69.06,69.0,15.88
2019,女,台北市,小腸,1.27,35 ,67.46,68.0,2.53
2019,女,台北市,結直腸,31.64,880 ,68.49,69.0,63.54
2019,女,台北市,肝及肝內膽管,9.05,275 ,72.58,73.0,19.86
2019,女,台北市,膽囊及肝外膽管,1.67,57 ,76.91,81.0,4.12
2019,女,台北市,胰,6.13,177 ,69.77,69.0,12.78
2019,女,台北市,後腹膜腔及腹膜,1.39,37 ,66.03,67.0,2.67
2019,女,台北市,鼻腔、中耳及副鼻竇,0.44,10 ,58.5,60.0,0.72
2019,女,台北市,喉,0.25,7 ,65.86,65.0,0.51
2019,女,台北市,肺、支氣管及氣管,42.18,"1,123 ",65.83,66.0,81.08
2019,女,台北市,胸膜,0.09,2 ,54.5,54.5,0.14
2019,女,台北市,胸腺、心臟與中隔,1.29,28 ,58.11,58.5,2.02
2019,女,台北市,骨、關節及關節軟骨,0.67,10 ,48.1,46.5,0.72
2019,女,台北市,結締組織、皮下組織及其他軟組織,1.22,27 ,61.41,65.0,1.95
2019,女,台北市,皮膚,6.54,208 ,74.86,76.0,15.02
2019,女,台北市,女性乳房,93.41,"2,114 ",58.18,58.0,152.64
2019,女,台北市,子宮,0.05,1 ,53.0,53.0,0.07
2019,女,台北市,子宮頸,7.1,154 ,57.69,56.0,11.12
2019,女,台北市,子宮體,19.1,436 ,58.01,57.0,31.48
2019,女,台北市,卵巢、輸卵管及寬韌帶,10.24,211 ,54.61,55.0,15.23
2019,女,台北市,其他女性生殖器官,0.92,26 ,69.42,71.5,1.88
2019,女,台北市,膀胱,2.84,87 ,73.34,75.0,6.28
2019,女,台北市,腎,2.47,68 ,66.94,65.0,4.91
2019,女,台北市,腎盂及其他泌尿系統,3.61,113 ,73.96,75.0,8.16
2019,女,台北市,眼及淚腺,0.03,1 ,75.0,75.0,0.07
2019,女,台北市,腦,2.75,43 ,48.67,50.0,3.1
2019,女,台北市,其他神經系統,0.48,6 ,38.5,42.0,0.43
2019,女,台北市,甲狀腺,22.71,418 ,50.0,49.0,30.18
2019,女,台北市,其他內分泌腺,0.49,8 ,48.0,48.5,0.58
2019,女,台北市,其他分界不明的部位,0.03,1 ,77.0,77.0,0.07
2019,女,台北市,不明原發部位,1.35,42 ,74.12,77.5,3.03
2019,女,台北市,何杰金氏淋巴瘤,0.51,8 ,44.5,45.5,0.58
2019,女,台北市,白血病,6.49,144 ,62.92,66.0,10.4
2019,女,台北市,非何杰金氏淋巴瘤,7.38,196 ,67.22,68.0,14.15
2019,女,台北市,漿細胞瘤,1.21,35 ,68.43,65.0,2.53
2019,女,台北市,全癌症,300.77,"7,364 ",62.89,63.0,531.7
2019,女,新北市,口腔、口咽及下咽,3.67,126 ,62.61,64.5,6.13
2019,女,新北市,主唾液腺,1.03,29 ,52.69,52.0,1.41
2019,女,新北市,鼻咽,1.97,57 ,52.81,52.0,2.77
2019,女,新北市,食道,0.92,33 ,66.09,66.0,1.61
2019,女,新北市,胃,8.15,289 ,66.77,67.0,14.06
2019,女,新北市,小腸,0.82,30 ,66.53,66.5,1.46
2019,女,新北市,結直腸,34.43,"1,222 ",65.5,66.0,59.46
2019,女,新北市,肝及肝內膽管,13.78,505 ,70.59,71.0,24.57
2019,女,新北市,膽囊及肝外膽管,2.64,100 ,71.6,71.5,4.87
2019,女,新北市,胰,6.1,217 ,67.59,69.0,10.56
2019,女,新北市,後腹膜腔及腹膜,1.03,36 ,63.89,65.5,1.75
2019,女,新北市,消化器官其他分界不明部位,0.08,3 ,71.33,72.0,0.15
2019,女,新北市,鼻腔、中耳及副鼻竇,0.56,17 ,57.41,53.0,0.83
2019,女,新北市,喉,0.32,11 ,64.18,66.0,0.54
2019,女,新北市,肺、支氣管及氣管,37.67,"1,358 ",64.23,64.0,66.08
2019,女,新北市,胸膜,0.12,4 ,62.75,68.5,0.19
2019,女,新北市,胸腺、心臟與中隔,1.16,37 ,56.81,61.0,1.8
2019,女,新北市,骨、關節及關節軟骨,0.6,10 ,33.8,27.0,0.49
2019,女,新北市,結締組織、皮下組織及其他軟組織,1.65,50 ,57.16,60.0,2.43
2019,女,新北市,皮膚,7.09,261 ,72.04,74.0,12.7
2019,女,新北市,女性乳房,88.74,"2,875 ",55.84,55.0,139.9
2019,女,新北市,子宮,0.06,2 ,54.5,54.5,0.1
2019,女,新北市,子宮頸,8.15,245 ,54.37,53.0,11.92
2019,女,新北市,子宮體,17.63,584 ,56.07,56.0,28.42
2019,女,新北市,卵巢、輸卵管及寬韌帶,12.14,366 ,54.28,54.0,17.81
2019,女,新北市,其他女性生殖器官,0.85,28 ,63.14,62.0,1.36
2019,女,新北市,膀胱,2.75,105 ,70.22,69.0,5.11
2019,女,新北市,腎,3.38,111 ,61.36,63.0,5.4
2019,女,新北市,腎盂及其他泌尿系統,3.75,144 ,73.72,74.5,7.01
2019,女,新北市,眼及淚腺,0.55,8 ,30.75,31.5,0.39
2019,女,新北市,腦,2.52,61 ,49.59,52.0,2.97
2019,女,新北市,其他神經系統,0.32,8 ,54.38,55.5,0.39
2019,女,新北市,甲狀腺,21.94,616 ,49.49,50.0,29.98
2019,女,新北市,其他內分泌腺,0.99,21 ,45.48,55.0,1.02
2019,女,新北市,其他分界不明的部位,0.03,1 ,52.0,52.0,0.05
2019,女,新北市,不明原發部位,1.26,46 ,72.22,74.5,2.24
2019,女,新北市,何杰金氏淋巴瘤,0.96,22 ,45.59,42.5,1.07
2019,女,新北市,白血病,6.94,191 ,57.04,62.0,9.29
2019,女,新北市,非何杰金氏淋巴瘤,7.17,243 ,62.04,63.0,11.82
2019,女,新北市,漿細胞瘤,1.59,62 ,67.92,66.0,3.02
2019,女,新北市,全癌症,305.87,"10,143 ",60.4,60.0,493.57
2020,全,台北市,口腔、口咽及下咽,11.44,527 ,61.97,62.0,20.25
2020,全,台北市,主唾液腺,0.94,36 ,56.31,59.0,1.38
2020,全,台北市,鼻咽,3.57,137 ,54.36,55.0,5.26
2020,全,台北市,食道,4.2,202 ,64.42,63.0,7.76
2020,全,台北市,胃,9.36,506 ,70.91,71.5,19.44
2020,全,台北市,小腸,0.96,50 ,69.22,71.0,1.92
2020,全,台北市,結直腸,36.81,"1,909 ",68.67,69.0,73.35
2020,全,台北市,肝及肝內膽管,16.76,878 ,68.73,69.0,33.74
2020,全,台北市,膽囊及肝外膽管,2.14,120 ,72.85,73.0,4.61
2020,全,台北市,胰,7.18,380 ,69.68,70.0,14.6
2020,全,台北市,後腹膜腔及腹膜,0.98,42 ,62.83,67.0,1.61
2020,全,台北市,消化器官其他分界不明部位,0.03,1 ,54.0,54.0,0.04
2020,全,台北市,鼻腔、中耳及副鼻竇,0.59,24 ,59.67,62.0,0.92
2020,全,台北市,喉,1.3,62 ,65.81,65.0,2.38
2020,全,台北市,肺、支氣管及氣管,40.57,"2,067 ",67.4,67.0,79.43
2020,全,台北市,胸膜,0.16,7 ,61.71,62.0,0.27
2020,全,台北市,胸腺、心臟與中隔,2.37,91 ,56.87,60.0,3.5
2020,全,台北市,骨、關節及關節軟骨,0.69,16 ,39.06,37.5,0.61
2020,全,台北市,結締組織、皮下組織及其他軟組織,2.48,90 ,57.58,60.5,3.46
2020,全,台北市,皮膚,7.25,398 ,73.02,75.0,15.29
2020,全,台北市,膀胱,4.76,273 ,72.75,72.0,10.49
2020,全,台北市,腎,4.77,219 ,63.06,64.0,8.42
2020,全,台北市,腎盂及其他泌尿系統,3.09,187 ,74.76,76.0,7.19
2020,全,台北市,眼及淚腺,0.04,2 ,57.5,57.5,0.08
2020,全,台北市,腦,2.49,87 ,55.83,59.0,3.34
2020,全,台北市,其他神經系統,0.21,7 ,49.29,50.0,0.27
2020,全,台北市,甲狀腺,16.21,544 ,49.56,50.0,20.9
2020,全,台北市,其他內分泌腺,0.61,19 ,49.37,49.0,0.73
2020,全,台北市,其他分界不明的部位,0.12,6 ,64.0,60.5,0.23
2020,全,台北市,不明原發部位,1.31,76 ,75.17,78.0,2.92
2020,全,台北市,何杰金氏淋巴瘤,1.1,26 ,41.46,32.0,1.0
2020,全,台北市,白血病,7.67,307 ,61.09,65.0,11.8
2020,全,台北市,非何杰金氏淋巴瘤,9.3,436 ,66.07,67.0,16.75
2020,全,台北市,漿細胞瘤,2.07,108 ,70.3,72.0,4.15
2020,全,台北市,全癌症,293.29,"13,826 ",64.93,66.0,531.28
2020,全,新北市,口腔、口咽及下咽,18.99,"1,260 ",58.92,58.0,31.26
2020,全,新北市,主唾液腺,1.04,64 ,58.23,61.0,1.59
2020,全,新北市,鼻咽,3.94,228 ,52.23,52.0,5.66
2020,全,新北市,食道,6.63,458 ,61.02,60.0,11.36
2020,全,新北市,胃,10.55,751 ,67.86,67.0,18.63
2020,全,新北市,小腸,1.62,106 ,62.29,63.0,2.63
2020,全,新北市,結直腸,39.34,"2,690 ",65.26,66.0,66.73
2020,全,新北市,肝及肝內膽管,23.02,"1,602 ",66.46,67.0,39.74
2020,全,新北市,膽囊及肝外膽管,2.85,203 ,68.78,69.0,5.04
2020,全,新北市,胰,7.89,555 ,67.51,67.0,13.77
2020,全,新北市,後腹膜腔及腹膜,1.05,70 ,59.67,62.5,1.74
2020,全,新北市,消化器官其他分界不明部位,0.01,1 ,70.0,70.0,0.02
2020,全,新北市,鼻腔、中耳及副鼻竇,0.67,42 ,57.17,57.0,1.04
2020,全,新北市,喉,1.78,126 ,62.86,62.0,3.13
2020,全,新北市,肺、支氣管及氣管,40.43,"2,836 ",66.22,66.0,70.36
2020,全,新北市,胸膜,0.2,12 ,58.92,65.0,0.3
2020,全,新北市,胸腺、心臟與中隔,1.56,96 ,58.33,60.0,2.38
2020,全,新北市,骨、關節及關節軟骨,0.8,33 ,45.12,49.0,0.82
2020,全,新北市,結締組織、皮下組織及其他軟組織,1.99,101 ,53.6,55.0,2.51
2020,全,新北市,皮膚,8.15,566 ,69.14,69.0,14.04
2020,全,新北市,膀胱,4.84,351 ,70.36,70.0,8.71
2020,全,新北市,腎,5.16,335 ,60.32,61.0,8.31
2020,全,新北市,腎盂及其他泌尿系統,3.09,219 ,70.93,71.0,5.43
2020,全,新北市,眼及淚腺,0.21,7 ,36.71,52.0,0.17
2020,全,新北市,腦,2.66,132 ,53.15,57.0,3.27
2020,全,新北市,其他神經系統,0.16,9 ,52.0,52.0,0.22
2020,全,新北市,甲狀腺,15.17,841 ,49.78,49.0,20.86
2020,全,新北市,其他內分泌腺,0.7,34 ,48.79,52.0,0.84
2020,全,新北市,其他分界不明的部位,0.08,6 ,64.67,63.0,0.15
2020,全,新北市,不明原發部位,1.42,100 ,69.34,70.0,2.48
2020,全,新北市,何杰金氏淋巴瘤,1.08,43 ,39.21,30.0,1.07
2020,全,新北市,白血病,9.79,513 ,57.29,62.0,12.73
2020,全,新北市,非何杰金氏淋巴瘤,8.91,583 ,63.8,65.0,14.46
2020,全,新北市,漿細胞瘤,1.9,133 ,66.12,65.0,3.3
2020,全,新北市,全癌症,314.95,"20,669 ",62.45,63.0,512.76
2020,男,台北市,口腔、口咽及下咽,21.14,445 ,61.75,62.0,35.93
2020,男,台北市,主唾液腺,1.16,20 ,54.85,58.5,1.61
2020,男,台北市,鼻咽,5.41,97 ,53.71,55.0,7.83
2020,男,台北市,食道,8.2,180 ,64.23,63.0,14.53
2020,男,台北市,胃,11.28,272 ,70.75,71.0,21.96
2020,男,台北市,小腸,1.25,30 ,71.07,73.5,2.42
2020,男,台北市,結直腸,44.06,"1,032 ",68.17,68.0,83.32
2020,男,台北市,肝及肝內膽管,26.54,611 ,67.35,68.0,49.33
2020,男,台北市,膽囊及肝外膽管,2.19,52 ,70.56,70.0,4.2
2020,男,台北市,胰,9.14,216 ,68.98,69.0,17.44
2020,男,台北市,後腹膜腔及腹膜,0.6,11 ,61.64,69.0,0.89
2020,男,台北市,消化器官其他分界不明部位,0.06,1 ,54.0,54.0,0.08
2020,男,台北市,鼻腔、中耳及副鼻竇,0.58,12 ,61.83,62.0,0.97
2020,男,台北市,喉,2.61,56 ,65.29,65.0,4.52
2020,男,台北市,肺、支氣管及氣管,39.49,947 ,69.25,69.0,76.46
2020,男,台北市,胸膜,0.28,6 ,65.83,63.0,0.48
2020,男,台北市,胸腺、心臟與中隔,3.14,56 ,56.43,58.5,4.52
2020,男,台北市,骨、關節及關節軟骨,0.87,11 ,42.36,44.0,0.89
2020,男,台北市,結締組織、皮下組織及其他軟組織,2.3,42 ,58.71,60.0,3.39
2020,男,台北市,皮膚,8.96,220 ,73.48,76.5,17.76
2020,男,台北市,男性乳房,0.31,7 ,67.29,63.0,0.57
2020,男,台北市,攝護腺,40.82,"1,039 ",72.33,71.0,83.88
2020,男,台北市,睪丸,2.33,26 ,35.0,31.5,2.1
2020,男,台北市,其他男性生殖器官,0.62,15 ,70.2,70.0,1.21
2020,男,台北市,膀胱,7.55,190 ,71.71,71.0,15.34
2020,男,台北市,腎,7.06,147 ,62.25,63.0,11.87
2020,男,台北市,腎盂及其他泌尿系統,2.85,76 ,74.46,73.0,6.14
2020,男,台北市,眼及淚腺,0.06,1 ,50.0,50.0,0.08
2020,男,台北市,腦,2.46,41 ,57.12,62.0,3.31
2020,男,台北市,其他神經系統,0.29,4 ,44.5,43.0,0.32
2020,男,台北市,甲狀腺,8.8,146 ,50.9,50.5,11.79
2020,男,台北市,其他內分泌腺,0.9,13 ,48.31,49.0,1.05
2020,男,台北市,其他分界不明的部位,0.2,4 ,58.75,55.5,0.32
2020,男,台北市,不明原發部位,1.67,41 ,74.1,76.0,3.31
2020,男,台北市,何杰金氏淋巴瘤,0.9,10 ,43.4,29.0,0.81
2020,男,台北市,白血病,8.79,167 ,61.3,65.0,13.48
2020,男,台北市,非何杰金氏淋巴瘤,12.11,251 ,64.62,67.0,20.26
2020,男,台北市,漿細胞瘤,2.7,64 ,70.78,71.0,5.17
2020,男,台北市,全癌症,290.41,"6,572 ",67.3,68.0,530.59
2020,男,新北市,口腔、口咽及下咽,35.69,"1,105 ",58.42,58.0,56.14
2020,男,新北市,主唾液腺,1.34,40 ,59.18,62.0,2.03
2020,男,新北市,鼻咽,5.83,161 ,52.39,52.0,8.18
2020,男,新北市,食道,12.87,413 ,60.75,60.0,20.98
2020,男,新北市,胃,13.33,440 ,68.48,67.0,22.35
2020,男,新北市,小腸,2.1,64 ,61.92,63.0,3.25
2020,男,新北市,結直腸,48.18,"1,525 ",64.91,65.0,77.48
2020,男,新北市,肝及肝內膽管,34.01,"1,091 ",64.75,65.0,55.43
2020,男,新北市,膽囊及肝外膽管,3.33,108 ,68.63,68.0,5.49
2020,男,新北市,胰,9.51,307 ,66.92,67.0,15.6
2020,男,新北市,後腹膜腔及腹膜,0.49,14 ,58.93,65.0,0.71
2020,男,新北市,鼻腔、中耳及副鼻竇,0.85,24 ,57.38,56.5,1.22
2020,男,新北市,喉,3.67,120 ,63.07,63.0,6.1
2020,男,新北市,肺、支氣管及氣管,46.75,"1,506 ",67.61,68.0,76.51
2020,男,新北市,胸膜,0.26,9 ,62.33,66.0,0.46
2020,男,新北市,胸腺、心臟與中隔,1.98,57 ,60.39,62.0,2.9
2020,男,新北市,骨、關節及關節軟骨,1.0,23 ,49.52,54.0,1.17
2020,男,新北市,結締組織、皮下組織及其他軟組織,2.29,58 ,54.45,57.0,2.95
2020,男,新北市,皮膚,9.14,290 ,67.91,67.0,14.73
2020,男,新北市,男性乳房,0.52,18 ,64.72,63.0,0.91
2020,男,新北市,攝護腺,39.25,"1,285 ",71.76,71.0,65.28
2020,男,新北市,睪丸,3.21,65 ,34.69,34.0,3.3
2020,男,新北市,其他男性生殖器官,0.71,24 ,65.88,66.0,1.22
2020,男,新北市,膀胱,8.07,265 ,69.82,69.0,13.46
2020,男,新北市,腎,7.11,221 ,60.77,61.0,11.23
2020,男,新北市,腎盂及其他泌尿系統,3.41,106 ,69.24,71.0,5.39
2020,男,新北市,眼及淚腺,0.03,1 ,56.0,56.0,0.05
2020,男,新北市,腦,3.57,81 ,50.53,56.0,4.12
2020,男,新北市,其他神經系統,0.2,5 ,44.4,44.0,0.25
2020,男,新北市,甲狀腺,8.0,211 ,49.19,47.0,10.72
2020,男,新北市,其他內分泌腺,0.82,21 ,51.52,53.0,1.07
2020,男,新北市,其他分界不明的部位,0.18,6 ,64.67,63.0,0.3
2020,男,新北市,不明原發部位,1.54,50 ,69.42,69.0,2.54
2020,男,新北市,何杰金氏淋巴瘤,1.36,29 ,43.62,32.0,1.47
2020,男,新北市,白血病,11.42,286 ,57.61,63.0,14.53
2020,男,新北市,非何杰金氏淋巴瘤,10.65,318 ,63.04,65.0,16.16
2020,男,新北市,漿細胞瘤,2.31,75 ,66.56,65.0,3.81
2020,男,新北市,全癌症,335.67,"10,432 ",64.33,65.0,529.99
2020,女,台北市,口腔、口咽及下咽,3.28,82 ,63.13,65.0,6.01
2020,女,台北市,主唾液腺,0.72,16 ,58.13,61.0,1.17
2020,女,台北市,鼻咽,1.97,40 ,55.95,58.0,2.93
2020,女,台北市,食道,0.86,22 ,65.91,61.0,1.61
2020,女,台北市,胃,7.84,234 ,71.1,72.0,17.16
2020,女,台北市,小腸,0.75,20 ,66.45,67.0,1.47
2020,女,台北市,結直腸,30.81,877 ,69.26,70.0,64.31
2020,女,台北市,肝及肝內膽管,8.66,267 ,71.89,72.0,19.58
2020,女,台北市,膽囊及肝外膽管,2.08,68 ,74.6,73.0,4.99
2020,女,台北市,胰,5.59,164 ,70.61,71.0,12.03
2020,女,台北市,後腹膜腔及腹膜,1.31,31 ,63.26,65.0,2.27
2020,女,台北市,鼻腔、中耳及副鼻竇,0.62,12 ,57.5,60.0,0.88
2020,女,台北市,喉,0.19,6 ,70.67,72.5,0.44
2020,女,台北市,肺、支氣管及氣管,41.87,"1,120 ",65.83,66.0,82.12
2020,女,台北市,胸膜,0.06,1 ,37.0,37.0,0.07
2020,女,台北市,胸腺、心臟與中隔,1.7,35 ,57.57,61.0,2.57
2020,女,台北市,骨、關節及關節軟骨,0.54,5 ,31.8,28.0,0.37
2020,女,台北市,結締組織、皮下組織及其他軟組織,2.72,48 ,56.58,60.5,3.52
2020,女,台北市,皮膚,5.88,178 ,72.44,75.0,13.05
2020,女,台北市,女性乳房,93.55,"2,102 ",57.93,57.0,154.13
2020,女,台北市,子宮,0.03,1 ,70.0,70.0,0.07
2020,女,台北市,子宮頸,6.79,144 ,57.26,56.0,10.56
2020,女,台北市,子宮體,16.56,378 ,58.58,59.0,27.72
2020,女,台北市,卵巢、輸卵管及寬韌帶,11.38,236 ,55.83,55.0,17.3
2020,女,台北市,其他女性生殖器官,0.78,20 ,63.9,66.5,1.47
2020,女,台北市,膀胱,2.48,83 ,75.14,78.0,6.09
2020,女,台北市,腎,2.8,72 ,64.71,65.5,5.28
2020,女,台北市,腎盂及其他泌尿系統,3.27,111 ,74.96,76.0,8.14
2020,女,台北市,眼及淚腺,0.03,1 ,65.0,65.0,0.07
2020,女,台北市,腦,2.56,46 ,54.67,59.0,3.37
2020,女,台北市,其他神經系統,0.13,3 ,55.67,57.0,0.22
2020,女,台北市,甲狀腺,22.96,398 ,49.06,50.0,29.18
2020,女,台北市,其他內分泌腺,0.34,6 ,51.67,51.0,0.44
2020,女,台北市,其他分界不明的部位,0.05,2 ,74.5,74.5,0.15
2020,女,台北市,不明原發部位,1.03,35 ,76.43,80.0,2.57
2020,女,台北市,何杰金氏淋巴瘤,1.28,16 ,40.25,34.5,1.17
2020,女,台北市,白血病,6.7,140 ,60.84,65.0,10.27
2020,女,台北市,非何杰金氏淋巴瘤,6.86,185 ,68.04,69.0,13.57
2020,女,台北市,漿細胞瘤,1.59,44 ,69.59,72.0,3.23
2020,女,台北市,全癌症,298.9,"7,254 ",62.78,63.0,531.9
2020,女,新北市,口腔、口咽及下咽,4.3,155 ,62.47,63.0,7.51
2020,女,新北市,主唾液腺,0.78,24 ,56.67,61.0,1.16
2020,女,新北市,鼻咽,2.23,67 ,51.87,52.0,3.25
2020,女,新北市,食道,1.23,45 ,63.53,61.0,2.18
2020,女,新北市,胃,8.28,311 ,66.97,67.0,15.08
2020,女,新北市,小腸,1.19,42 ,62.86,63.0,2.04
2020,女,新北市,結直腸,31.85,"1,165 ",65.72,67.0,56.48
2020,女,新北市,肝及肝內膽管,13.56,511 ,70.11,71.0,24.77
2020,女,新北市,膽囊及肝外膽管,2.45,95 ,68.95,69.0,4.61
2020,女,新北市,胰,6.52,248 ,68.24,68.0,12.02
2020,女,新北市,後腹膜腔及腹膜,1.55,56 ,59.86,61.5,2.72
2020,女,新北市,消化器官其他分界不明部位,0.03,1 ,70.0,70.0,0.05
2020,女,新北市,鼻腔、中耳及副鼻竇,0.5,18 ,56.89,58.0,0.87
2020,女,新北市,喉,0.15,6 ,58.67,57.5,0.29
2020,女,新北市,肺、支氣管及氣管,35.56,"1,330 ",64.64,65.0,64.48
2020,女,新北市,胸膜,0.16,3 ,48.67,49.0,0.15
2020,女,新北市,胸腺、心臟與中隔,1.2,39 ,55.33,56.0,1.89
2020,女,新北市,骨、關節及關節軟骨,0.62,10 ,35.0,27.0,0.48
2020,女,新北市,結締組織、皮下組織及其他軟組織,1.72,43 ,52.47,53.0,2.08
2020,女,新北市,皮膚,7.33,276 ,70.44,71.0,13.38
2020,女,新北市,女性乳房,88.58,"2,903 ",56.31,56.0,140.74
2020,女,新北市,子宮,0.06,2 ,53.5,53.5,0.1
2020,女,新北市,子宮頸,8.07,256 ,55.52,55.0,12.41
2020,女,新北市,子宮體,18.21,607 ,55.98,56.0,29.43
2020,女,新北市,卵巢、輸卵管及寬韌帶,11.81,363 ,54.39,54.0,17.6
2020,女,新北市,其他女性生殖器官,0.75,24 ,63.96,65.5,1.16
2020,女,新北市,膀胱,2.17,86 ,72.01,72.5,4.17
2020,女,新北市,腎,3.49,114 ,59.46,63.5,5.53
2020,女,新北市,腎盂及其他泌尿系統,2.81,113 ,72.52,71.0,5.48
2020,女,新北市,眼及淚腺,0.39,6 ,33.5,43.0,0.29
2020,女,新北市,腦,1.75,51 ,57.31,63.0,2.47
2020,女,新北市,其他神經系統,0.12,4 ,61.5,60.5,0.19
2020,女,新北市,甲狀腺,21.91,630 ,49.97,50.0,30.54
2020,女,新北市,其他內分泌腺,0.6,13 ,44.38,43.0,0.63
2020,女,新北市,不明原發部位,1.34,50 ,69.26,70.0,2.42
2020,女,新北市,何杰金氏淋巴瘤,0.83,14 ,30.07,28.0,0.68
2020,女,新北市,白血病,8.34,227 ,56.88,60.0,11.01
2020,女,新北市,非何杰金氏淋巴瘤,7.38,265 ,64.71,65.0,12.85
2020,女,新北市,漿細胞瘤,1.55,58 ,65.55,64.0,2.81
2020,女,新北市,全癌症,301.54,"10,237 ",60.53,61.0,496.32
2021,全,台北市,口腔、口咽及下咽,10.83,493 ,62.0,62.0,19.53
2021,全,台北市,主唾液腺,0.9,37 ,59.43,63.0,1.47
2021,全,台北市,鼻咽,3.17,120 ,54.18,53.0,4.75
2021,全,台北市,食道,3.81,189 ,65.77,65.0,7.49
2021,全,台北市,胃,9.06,481 ,70.51,71.0,19.05
2021,全,台北市,小腸,1.1,55 ,67.75,69.0,2.18
2021,全,台北市,結直腸,35.41,"1,850 ",69.15,70.0,73.28
2021,全,台北市,肝及肝內膽管,16.36,862 ,69.38,70.0,34.15
2021,全,台北市,膽囊及肝外膽管,2.43,132 ,70.89,72.0,5.23
2021,全,台北市,胰,7.89,422 ,70.36,71.0,16.72
2021,全,台北市,後腹膜腔及腹膜,0.7,31 ,60.61,61.0,1.23
2021,全,台北市,消化器官其他分界不明部位,0.03,2 ,72.0,72.0,0.08
2021,全,台北市,鼻腔、中耳及副鼻竇,0.7,32 ,62.13,63.0,1.27
2021,全,台北市,喉,1.67,85 ,66.48,66.0,3.37
2021,全,台北市,肺、支氣管及氣管,40.69,"2,033 ",66.83,67.0,80.53
2021,全,台北市,胸膜,0.17,10 ,69.5,66.0,0.4
2021,全,台北市,胸腺、心臟與中隔,1.75,80 ,61.89,62.5,3.17
2021,全,台北市,骨、關節及關節軟骨,0.63,19 ,53.58,63.0,0.75
2021,全,台北市,結締組織、皮下組織及其他軟組織,2.26,89 ,60.2,63.0,3.53
2021,全,台北市,皮膚,6.96,372 ,71.36,72.0,14.74
2021,全,台北市,膀胱,3.85,224 ,73.48,73.0,8.87
2021,全,台北市,腎,5.2,229 ,61.44,62.0,9.07
2021,全,台北市,腎盂及其他泌尿系統,3.08,176 ,72.98,74.0,6.97
2021,全,台北市,眼及淚腺,0.04,2 ,68.0,68.0,0.08
2021,全,台北市,腦,2.76,88 ,51.14,55.5,3.49
2021,全,台北市,其他神經系統,0.3,11 ,56.18,51.0,0.44
2021,全,台北市,甲狀腺,15.94,542 ,51.06,51.0,21.47
2021,全,台北市,其他內分泌腺,0.97,27 ,46.59,46.0,1.07
2021,全,台北市,其他分界不明的部位,0.1,6 ,71.67,67.0,0.24
2021,全,台北市,不明原發部位,1.47,79 ,72.91,76.0,3.13
2021,全,台北市,何杰金氏淋巴瘤,1.31,30 ,40.87,34.0,1.19
2021,全,台北市,白血病,8.39,324 ,61.5,67.0,12.83
2021,全,台北市,非何杰金氏淋巴瘤,9.38,448 ,67.15,69.0,17.75
2021,全,台北市,漿細胞瘤,1.56,84 ,69.92,70.0,3.33
2021,全,台北市,全癌症,289.59,"13,565 ",65.05,66.0,537.36
2021,全,新北市,口腔、口咽及下咽,19.63,"1,317 ",58.91,59.0,32.86
2021,全,新北市,主唾液腺,0.98,59 ,56.32,61.0,1.47
2021,全,新北市,鼻咽,4.28,260 ,54.0,54.0,6.49
2021,全,新北市,食道,6.41,449 ,61.11,61.0,11.2
2021,全,新北市,胃,10.37,749 ,67.71,68.0,18.69
2021,全,新北市,小腸,1.16,81 ,65.65,65.0,2.02
2021,全,新北市,結直腸,37.8,"2,656 ",66.1,66.0,66.27
2021,全,新北市,肝及肝內膽管,21.44,"1,542 ",66.69,67.0,38.47
2021,全,新北市,膽囊及肝外膽管,2.98,217 ,68.87,70.0,5.41
2021,全,新北市,胰,7.4,532 ,66.2,67.0,13.27
2021,全,新北市,後腹膜腔及腹膜,1.19,69 ,60.68,62.0,1.72
2021,全,新北市,消化器官其他分界不明部位,0.05,3 ,67.0,79.0,0.07
2021,全,新北市,鼻腔、中耳及副鼻竇,0.74,45 ,56.8,60.0,1.12
2021,全,新北市,喉,1.73,125 ,63.02,65.0,3.12
2021,全,新北市,肺、支氣管及氣管,41.09,"2,939 ",65.85,66.0,73.33
2021,全,新北市,胸膜,0.23,18 ,70.61,71.0,0.45
2021,全,新北市,胸腺、心臟與中隔,1.66,102 ,56.55,59.0,2.54
2021,全,新北市,骨、關節及關節軟骨,0.39,18 ,46.5,47.0,0.45
2021,全,新北市,結締組織、皮下組織及其他軟組織,2.18,119 ,55.03,57.0,2.97
2021,全,新北市,皮膚,7.38,524 ,70.34,73.0,13.07
2021,全,新北市,膀胱,5.25,392 ,70.83,70.0,9.78
2021,全,新北市,腎,5.32,353 ,60.29,62.0,8.81
2021,全,新北市,腎盂及其他泌尿系統,3.8,283 ,71.79,71.0,7.06
2021,全,新北市,眼及淚腺,0.07,4 ,68.0,75.5,0.1
2021,全,新北市,腦,2.65,148 ,55.14,59.0,3.69
2021,全,新北市,其他神經系統,0.24,13 ,50.77,55.0,0.32
2021,全,新北市,甲狀腺,15.16,831 ,50.02,49.0,20.73
2021,全,新北市,其他內分泌腺,0.86,34 ,43.32,47.0,0.85
2021,全,新北市,其他分界不明的部位,0.18,12 ,60.5,58.5,0.3
2021,全,新北市,不明原發部位,1.45,104 ,69.85,70.0,2.59
2021,全,新北市,何杰金氏淋巴瘤,1.0,38 ,39.74,31.5,0.95
2021,全,新北市,白血病,8.01,434 ,57.1,61.0,10.83
2021,全,新北市,非何杰金氏淋巴瘤,8.24,540 ,63.06,66.0,13.47
2021,全,新北市,漿細胞瘤,1.95,142 ,67.85,69.0,3.54
2021,全,新北市,全癌症,310.66,"20,827 ",62.66,63.0,519.62
2021,男,台北市,口腔、口咽及下咽,19.89,409 ,61.09,61.0,34.03
2021,男,台北市,主唾液腺,0.9,19 ,63.05,64.0,1.58
2021,男,台北市,鼻咽,5.52,95 ,53.35,52.0,7.9
2021,男,台北市,食道,7.14,161 ,65.48,66.0,13.39
2021,男,台北市,胃,11.85,287 ,70.91,71.0,23.88
2021,男,台北市,小腸,1.33,29 ,66.72,69.0,2.41
2021,男,台北市,結直腸,41.85,968 ,68.12,68.0,80.53
2021,男,台北市,肝及肝內膽管,24.29,568 ,68.01,68.0,47.26
2021,男,台北市,膽囊及肝外膽管,3.02,71 ,69.87,72.0,5.91
2021,男,台北市,胰,8.73,203 ,68.6,70.0,16.89
2021,男,台北市,後腹膜腔及腹膜,0.68,15 ,63.07,66.0,1.25
2021,男,台北市,消化器官其他分界不明部位,0.05,1 ,57.0,57.0,0.08
2021,男,台北市,鼻腔、中耳及副鼻竇,1.12,21 ,58.24,60.0,1.75
2021,男,台北市,喉,3.18,74 ,66.18,66.0,6.16
2021,男,台北市,肺、支氣管及氣管,39.07,908 ,68.23,69.0,75.54
2021,男,台北市,胸膜,0.18,4 ,63.75,63.5,0.33
2021,男,台北市,胸腺、心臟與中隔,1.67,33 ,59.64,62.0,2.75
2021,男,台北市,骨、關節及關節軟骨,0.77,11 ,54.55,63.0,0.92
2021,男,台北市,結締組織、皮下組織及其他軟組織,2.75,52 ,61.19,62.0,4.33
2021,男,台北市,皮膚,8.07,195 ,71.74,73.0,16.22
2021,男,台北市,男性乳房,0.33,8 ,69.5,68.5,0.67
2021,男,台北市,攝護腺,39.8,"1,023 ",72.37,72.0,85.11
2021,男,台北市,睪丸,4.07,42 ,32.98,31.0,3.49
2021,男,台北市,其他男性生殖器官,0.8,19 ,69.74,71.0,1.58
2021,男,台北市,膀胱,5.84,151 ,72.98,73.0,12.56
2021,男,台北市,腎,7.98,161 ,60.39,61.0,13.39
2021,男,台北市,腎盂及其他泌尿系統,3.62,87 ,70.45,70.0,7.24
2021,男,台北市,眼及淚腺,0.06,1 ,50.0,50.0,0.08
2021,男,台北市,腦,3.07,50 ,53.52,56.5,4.16
2021,男,台北市,其他神經系統,0.48,9 ,60.56,59.0,0.75
2021,男,台北市,甲狀腺,9.02,149 ,52.73,52.0,12.4
2021,男,台北市,其他內分泌腺,1.07,14 ,46.43,44.5,1.16
2021,男,台北市,其他分界不明的部位,0.13,3 ,64.33,66.0,0.25
2021,男,台北市,不明原發部位,1.67,38 ,71.03,74.0,3.16
2021,男,台北市,何杰金氏淋巴瘤,1.38,15 ,37.73,33.0,1.25
2021,男,台北市,白血病,9.83,176 ,61.54,67.0,14.64
2021,男,台北市,非何杰金氏淋巴瘤,10.91,244 ,68.07,70.0,20.3
2021,男,台北市,漿細胞瘤,1.76,42 ,68.98,70.0,3.49
2021,男,台北市,全癌症,284.29,"6,366 ",67.08,68.0,529.63
2021,男,新北市,口腔、口咽及下咽,36.77,"1,151 ",58.3,58.0,58.8
2021,男,新北市,主唾液腺,1.08,32 ,58.25,61.0,1.63
2021,男,新北市,鼻咽,7.05,205 ,53.9,54.0,10.47
2021,男,新北市,食道,12.04,390 ,60.71,60.0,19.93
2021,男,新北市,胃,12.63,423 ,68.65,69.0,21.61
2021,男,新北市,小腸,1.22,41 ,64.44,64.0,2.09
2021,男,新北市,結直腸,47.7,"1,537 ",65.53,66.0,78.53
2021,男,新北市,肝及肝內膽管,33.09,"1,080 ",64.82,65.0,55.18
2021,男,新北市,膽囊及肝外膽管,2.99,98 ,68.41,70.0,5.01
2021,男,新北市,胰,8.55,284 ,65.52,66.0,14.51
2021,男,新北市,後腹膜腔及腹膜,0.52,15 ,62.2,62.0,0.77
2021,男,新北市,消化器官其他分界不明部位,0.12,3 ,67.0,79.0,0.15
2021,男,新北市,鼻腔、中耳及副鼻竇,0.94,26 ,55.85,53.5,1.33
2021,男,新北市,喉,3.56,119 ,63.02,65.0,6.08
2021,男,新北市,肺、支氣管及氣管,46.02,"1,522 ",67.32,67.5,77.76
2021,男,新北市,胸膜,0.4,14 ,72.14,71.5,0.72
2021,男,新北市,胸腺、心臟與中隔,1.85,50 ,54.06,54.5,2.55
2021,男,新北市,骨、關節及關節軟骨,0.32,8 ,47.75,52.0,0.41
2021,男,新北市,結締組織、皮下組織及其他軟組織,2.29,62 ,56.56,60.0,3.17
2021,男,新北市,皮膚,8.68,277 ,69.57,71.0,14.15
2021,男,新北市,男性乳房,0.52,17 ,65.47,63.0,0.87
2021,男,新北市,攝護腺,38.16,"1,291 ",71.43,71.0,65.96
2021,男,新北市,睪丸,3.06,58 ,33.79,33.0,2.96
2021,男,新北市,其他男性生殖器官,0.58,20 ,67.65,68.0,1.02
2021,男,新北市,膀胱,8.01,271 ,70.5,70.0,13.85
2021,男,新北市,腎,7.64,240 ,59.98,61.0,12.26
2021,男,新北市,腎盂及其他泌尿系統,3.34,113 ,69.46,69.0,5.77
2021,男,新北市,眼及淚腺,0.07,2 ,56.0,56.0,0.1
2021,男,新北市,腦,3.16,87 ,55.01,59.0,4.44
2021,男,新北市,其他神經系統,0.29,9 ,56.78,55.0,0.46
2021,男,新北市,甲狀腺,8.17,213 ,48.77,48.0,10.88
2021,男,新北市,其他內分泌腺,0.84,16 ,42.13,51.5,0.82
2021,男,新北市,其他分界不明的部位,0.35,11 ,61.18,59.0,0.56
2021,男,新北市,不明原發部位,1.63,54 ,69.26,67.5,2.76
2021,男,新北市,何杰金氏淋巴瘤,0.84,17 ,40.65,30.0,0.87
2021,男,新北市,白血病,9.87,255 ,57.16,62.0,13.03
2021,男,新北市,非何杰金氏淋巴瘤,9.14,272 ,61.81,65.0,13.9
2021,男,新北市,漿細胞瘤,2.38,79 ,67.0,67.0,4.04
2021,男,新北市,全癌症,326.3,"10,376 ",64.38,65.0,530.11
2021,女,台北市,口腔、口咽及下咽,3.1,84 ,66.43,66.0,6.35
2021,女,台北市,主唾液腺,0.92,18 ,55.61,57.0,1.36
2021,女,台北市,鼻咽,1.15,25 ,57.36,60.0,1.89
2021,女,台北市,食道,1.02,28 ,67.43,64.0,2.12
2021,女,台北市,胃,6.83,194 ,69.92,71.0,14.67
2021,女,台北市,小腸,0.89,26 ,68.88,69.0,1.97
2021,女,台北市,結直腸,29.98,882 ,70.27,71.0,66.7
2021,女,台北市,肝及肝內膽管,9.78,294 ,72.03,73.0,22.23
2021,女,台北市,膽囊及肝外膽管,1.93,61 ,72.08,73.0,4.61
2021,女,台北市,胰,7.14,219 ,72.0,72.0,16.56
2021,女,台北市,後腹膜腔及腹膜,0.72,16 ,58.31,57.0,1.21
2021,女,台北市,消化器官其他分界不明部位,0.02,1 ,87.0,87.0,0.08
2021,女,台北市,鼻腔、中耳及副鼻竇,0.34,11 ,69.55,68.0,0.83
2021,女,台北市,喉,0.4,11 ,68.55,68.0,0.83
2021,女,台北市,肺、支氣管及氣管,42.38,"1,125 ",65.7,66.0,85.07
2021,女,台北市,胸膜,0.17,6 ,73.33,69.5,0.45
2021,女,台北市,胸腺、心臟與中隔,1.82,47 ,63.47,64.0,3.55
2021,女,台北市,骨、關節及關節軟骨,0.49,8 ,52.25,61.0,0.6
2021,女,台北市,結締組織、皮下組織及其他軟組織,1.87,37 ,58.81,64.0,2.8
2021,女,台北市,皮膚,6.08,177 ,70.94,71.0,13.38
2021,女,台北市,女性乳房,92.27,"2,051 ",58.45,58.0,155.09
2021,女,台北市,子宮頸,6.0,126 ,58.76,58.0,9.53
2021,女,台北市,子宮體,17.47,391 ,58.33,59.0,29.57
2021,女,台北市,卵巢、輸卵管及寬韌帶,10.12,204 ,55.99,56.0,15.43
2021,女,台北市,其他女性生殖器官,0.56,17 ,70.53,69.0,1.29
2021,女,台北市,膀胱,2.25,73 ,74.51,76.0,5.52
2021,女,台北市,腎,2.81,68 ,63.93,66.0,5.14
2021,女,台北市,腎盂及其他泌尿系統,2.63,89 ,75.45,76.0,6.73
2021,女,台北市,眼及淚腺,0.02,1 ,86.0,86.0,0.08
2021,女,台北市,腦,2.55,38 ,48.0,55.0,2.87
2021,女,台北市,其他神經系統,0.15,2 ,36.5,36.5,0.15
2021,女,台北市,甲狀腺,22.23,393 ,50.43,50.0,29.72
2021,女,台北市,其他內分泌腺,0.86,13 ,46.77,48.0,0.98
2021,女,台北市,其他分界不明的部位,0.07,3 ,79.0,83.0,0.23
2021,女,台北市,不明原發部位,1.31,41 ,74.66,77.0,3.1
2021,女,台北市,何杰金氏淋巴瘤,1.22,15 ,44.0,35.0,1.13
2021,女,台北市,白血病,7.13,148 ,61.46,66.0,11.19
2021,女,台北市,非何杰金氏淋巴瘤,8.22,204 ,66.06,68.5,15.43
2021,女,台北市,漿細胞瘤,1.38,42 ,70.86,72.0,3.18
2021,女,台北市,全癌症,296.76,"7,199 ",63.25,64.0,544.38
2021,女,新北市,口腔、口咽及下咽,4.44,166 ,63.17,64.0,8.09
2021,女,新北市,主唾液腺,0.91,27 ,54.04,57.0,1.32
2021,女,新北市,鼻咽,1.74,55 ,54.4,52.0,2.68
2021,女,新北市,食道,1.53,59 ,63.8,63.0,2.88
2021,女,新北市,胃,8.6,326 ,66.49,67.0,15.9
2021,女,新北市,小腸,1.1,40 ,66.9,68.5,1.95
2021,女,新北市,結直腸,29.46,"1,119 ",66.88,67.0,54.56
2021,女,新北市,肝及肝內膽管,11.36,462 ,71.05,71.0,22.53
2021,女,新北市,膽囊及肝外膽管,2.97,119 ,69.24,70.0,5.8
2021,女,新北市,胰,6.45,248 ,66.98,68.0,12.09
2021,女,新北市,後腹膜腔及腹膜,1.82,54 ,60.26,62.0,2.63
2021,女,新北市,鼻腔、中耳及副鼻竇,0.54,19 ,58.11,60.0,0.93
2021,女,新北市,喉,0.16,6 ,63.17,61.5,0.29
2021,女,新北市,肺、支氣管及氣管,37.48,"1,417 ",64.28,64.0,69.1
2021,女,新北市,胸膜,0.1,4 ,65.25,69.5,0.2
2021,女,新北市,胸腺、心臟與中隔,1.45,52 ,58.94,60.0,2.54
2021,女,新北市,骨、關節及關節軟骨,0.46,10 ,45.5,43.0,0.49
2021,女,新北市,結締組織、皮下組織及其他軟組織,2.12,57 ,53.37,56.0,2.78
2021,女,新北市,皮膚,6.32,247 ,71.21,74.0,12.04
2021,女,新北市,女性乳房,90.67,"3,004 ",56.46,56.0,146.48
2021,女,新北市,子宮,0.1,3 ,60.33,58.0,0.15
2021,女,新北市,子宮頸,7.0,226 ,56.98,58.0,11.02
2021,女,新北市,子宮體,19.07,642 ,56.4,56.0,31.31
2021,女,新北市,卵巢、輸卵管及寬韌帶,11.63,365 ,55.19,55.0,17.8
2021,女,新北市,其他女性生殖器官,0.69,29 ,70.14,69.0,1.41
2021,女,新北市,膀胱,2.96,121 ,71.56,71.0,5.9
2021,女,新北市,腎,3.29,113 ,60.96,63.0,5.51
2021,女,新北市,腎盂及其他泌尿系統,4.14,170 ,73.34,74.0,8.29
2021,女,新北市,眼及淚腺,0.05,2 ,80.0,80.0,0.1
2021,女,新北市,腦,2.2,61 ,55.31,60.0,2.97
2021,女,新北市,其他神經系統,0.21,4 ,37.25,41.5,0.2
2021,女,新北市,甲狀腺,21.77,618 ,50.45,50.0,30.13
2021,女,新北市,其他內分泌腺,0.87,18 ,44.39,44.0,0.88
2021,女,新北市,其他分界不明的部位,0.03,1 ,53.0,53.0,0.05
2021,女,新北市,不明原發部位,1.31,50 ,70.48,73.0,2.44
2021,女,新北市,何杰金氏淋巴瘤,1.19,21 ,39.0,33.0,1.02
2021,女,新北市,白血病,6.35,179 ,57.01,60.0,8.73
2021,女,新北市,非何杰金氏淋巴瘤,7.39,268 ,64.33,66.0,13.07
2021,女,新北市,漿細胞瘤,1.59,63 ,68.9,70.0,3.07
2021,女,新北市,全癌症,301.79,"10,451 ",60.95,61.0,509.61
2022,全,台北市,口腔、口咽及下咽,11.52,512 ,61.5,62.0,20.64
2022,全,台北市,主唾液腺,0.89,35 ,59.14,60.0,1.41
2022,全,台北市,鼻咽,3.18,118 ,55.17,55.0,4.76
2022,全,台北市,食道,3.14,161 ,66.94,65.0,6.49
2022,全,台北市,胃,9.7,528 ,70.99,72.0,21.28
2022,全,台北市,小腸,1.1,53 ,66.15,68.0,2.14
2022,全,台北市,結直腸,35.81,"1,886 ",69.02,69.0,76.03
2022,全,台北市,肝及肝內膽管,15.24,798 ,69.56,71.0,32.17
2022,全,台北市,膽囊及肝外膽管,1.94,113 ,73.08,73.0,4.56
2022,全,台北市,胰,7.86,421 ,69.67,70.0,16.97
2022,全,台北市,後腹膜腔及腹膜,1.12,47 ,62.57,66.0,1.89
2022,全,台北市,消化器官其他分界不明部位,0.05,3 ,78.0,80.0,0.12
2022,全,台北市,鼻腔、中耳及副鼻竇,0.67,28 ,59.86,64.0,1.13
2022,全,台北市,喉,1.22,64 ,67.67,65.0,2.58
2022,全,台北市,肺、支氣管及氣管,44.71,"2,208 ",66.19,67.0,89.01
2022,全,台北市,胸膜,0.21,11 ,70.0,75.0,0.44
2022,全,台北市,胸腺、心臟與中隔,1.91,82 ,60.67,62.0,3.31
2022,全,台北市,骨、關節及關節軟骨,0.99,21 ,40.19,26.0,0.85
2022,全,台北市,結締組織、皮下組織及其他軟組織,2.17,80 ,60.48,64.0,3.22
2022,全,台北市,皮膚,7.25,410 ,72.47,73.0,16.53
2022,全,台北市,膀胱,4.11,238 ,72.94,73.0,9.59
2022,全,台北市,腎,5.87,262 ,62.9,65.0,10.56
2022,全,台北市,腎盂及其他泌尿系統,2.74,158 ,72.46,72.0,6.37
2022,全,台北市,眼及淚腺,0.18,5 ,54.6,53.0,0.2
2022,全,台北市,腦,2.5,75 ,52.51,60.0,3.02
2022,全,台北市,其他神經系統,0.28,7 ,44.57,43.0,0.28
2022,全,台北市,甲狀腺,20.66,676 ,50.45,50.0,27.25
2022,全,台北市,其他內分泌腺,1.14,34 ,51.76,58.0,1.37
2022,全,台北市,其他分界不明的部位,0.22,9 ,59.67,55.0,0.36
2022,全,台北市,不明原發部位,0.81,41 ,69.15,69.0,1.65
2022,全,台北市,何杰金氏淋巴瘤,1.24,24 ,33.21,29.5,0.97
2022,全,台北市,白血病,8.56,346 ,62.78,66.0,13.95
2022,全,台北市,非何杰金氏淋巴瘤,9.31,427 ,66.0,68.0,17.21
2022,全,台北市,漿細胞瘤,1.6,88 ,69.52,69.5,3.55
2022,全,台北市,全癌症,313.46,"14,592 ",64.85,66.0,588.23
2022,全,新北市,口腔、口咽及下咽,18.65,"1,282 ",59.82,59.5,32.09
2022,全,新北市,主唾液腺,0.88,55 ,57.62,58.0,1.38
2022,全,新北市,鼻咽,4.43,272 ,54.37,54.0,6.81
2022,全,新北市,食道,6.76,488 ,62.35,62.0,12.21
2022,全,新北市,胃,11.11,823 ,67.92,68.0,20.6
2022,全,新北市,小腸,1.25,83 ,62.53,65.0,2.08
2022,全,新北市,結直腸,40.69,"2,939 ",65.82,66.0,73.56
2022,全,新北市,肝及肝內膽管,20.27,"1,517 ",66.78,67.0,37.97
2022,全,新北市,膽囊及肝外膽管,2.41,186 ,69.37,70.0,4.66
2022,全,新北市,胰,7.49,552 ,66.75,67.0,13.82
2022,全,新北市,後腹膜腔及腹膜,0.81,52 ,62.37,65.0,1.3
2022,全,新北市,消化器官其他分界不明部位,0.09,6 ,67.0,64.5,0.15
2022,全,新北市,鼻腔、中耳及副鼻竇,0.7,48 ,61.63,63.0,1.2
2022,全,新北市,喉,1.66,122 ,64.13,65.0,3.05
2022,全,新北市,肺、支氣管及氣管,43.46,"3,180 ",65.46,66.0,79.59
2022,全,新北市,胸膜,0.26,20 ,67.85,68.0,0.5
2022,全,新北市,胸腺、心臟與中隔,2.09,124 ,55.63,58.5,3.1
2022,全,新北市,骨、關節及關節軟骨,0.67,27 ,45.22,43.0,0.68
2022,全,新北市,結締組織、皮下組織及其他軟組織,2.39,128 ,56.35,61.0,3.2
2022,全,新北市,皮膚,7.35,533 ,69.04,70.0,13.34
2022,全,新北市,膀胱,5.45,419 ,71.21,72.0,10.49
2022,全,新北市,腎,5.54,371 ,59.87,61.0,9.29
2022,全,新北市,腎盂及其他泌尿系統,3.33,260 ,71.85,72.0,6.51
2022,全,新北市,眼及淚腺,0.24,8 ,39.5,46.0,0.2
2022,全,新北市,腦,2.43,130 ,53.69,60.0,3.25
2022,全,新北市,其他神經系統,0.2,14 ,60.93,64.5,0.35
2022,全,新北市,甲狀腺,18.73,"1,011 ",49.32,49.0,25.3
2022,全,新北市,其他內分泌腺,1.11,45 ,44.04,46.0,1.13
2022,全,新北市,其他分界不明的部位,0.16,9 ,59.33,62.0,0.23
2022,全,新北市,不明原發部位,1.5,114 ,71.33,72.0,2.85
2022,全,新北市,何杰金氏淋巴瘤,1.1,43 ,42.93,36.0,1.08
2022,全,新北市,白血病,7.68,449 ,60.04,65.0,11.24
2022,全,新北市,非何杰金氏淋巴瘤,8.98,589 ,62.73,65.0,14.74
2022,全,新北市,漿細胞瘤,2.16,162 ,67.18,67.0,4.05
2022,全,新北市,全癌症,332.14,"22,706 ",62.56,64.0,568.28
2022,男,台北市,口腔、口咽及下咽,20.63,418 ,60.99,61.5,35.51
2022,男,台北市,主唾液腺,1.04,19 ,62.05,64.0,1.61
2022,男,台北市,鼻咽,5.16,86 ,53.41,54.0,7.31
2022,男,台北市,食道,6.13,138 ,65.53,64.0,11.72
2022,男,台北市,胃,12.11,298 ,71.59,73.0,25.32
2022,男,台北市,小腸,1.35,28 ,64.36,65.0,2.38
2022,男,台北市,結直腸,42.55,993 ,68.58,69.0,84.37
2022,男,台北市,肝及肝內膽管,22.8,531 ,68.81,69.0,45.11
2022,男,台北市,膽囊及肝外膽管,2.33,60 ,72.08,72.5,5.1
2022,男,台北市,胰,9.0,216 ,69.17,69.5,18.35
2022,男,台北市,後腹膜腔及腹膜,0.44,9 ,61.89,61.0,0.76
2022,男,台北市,消化器官其他分界不明部位,0.08,2 ,81.5,81.5,0.17
2022,男,台北市,鼻腔、中耳及副鼻竇,0.7,16 ,65.63,66.0,1.36
2022,男,台北市,喉,2.63,62 ,67.94,65.0,5.27
2022,男,台北市,肺、支氣管及氣管,41.92,979 ,68.13,69.0,83.18
2022,男,台北市,胸膜,0.28,7 ,73.57,75.0,0.59
2022,男,台北市,胸腺、心臟與中隔,1.79,35 ,61.11,64.0,2.97
2022,男,台北市,骨、關節及關節軟骨,1.48,16 ,40.56,35.0,1.36
2022,男,台北市,結締組織、皮下組織及其他軟組織,2.14,38 ,61.05,67.0,3.23
2022,男,台北市,皮膚,8.96,226 ,73.13,74.0,19.2
2022,男,台北市,男性乳房,0.58,12 ,63.25,65.0,1.02
2022,男,台北市,攝護腺,52.0,"1,349 ",72.21,72.0,114.61
2022,男,台北市,睪丸,4.08,40 ,33.33,29.0,3.4
2022,男,台北市,其他男性生殖器官,0.5,14 ,78.5,81.0,1.19
2022,男,台北市,膀胱,6.48,165 ,72.19,72.0,14.02
2022,男,台北市,腎,9.07,180 ,61.81,65.0,15.29
2022,男,台北市,腎盂及其他泌尿系統,2.75,69 ,70.96,69.0,5.86
2022,男,台北市,眼及淚腺,0.24,3 ,53.67,53.0,0.25
2022,男,台北市,腦,2.53,36 ,52.25,58.5,3.06
2022,男,台北市,其他神經系統,0.42,4 ,29.25,31.0,0.34
2022,男,台北市,甲狀腺,10.9,166 ,50.13,49.0,14.1
2022,男,台北市,其他內分泌腺,1.26,15 ,44.0,49.0,1.27
2022,男,台北市,其他分界不明的部位,0.47,9 ,59.67,55.0,0.76
2022,男,台北市,不明原發部位,0.99,21 ,67.43,69.0,1.78
2022,男,台北市,何杰金氏淋巴瘤,0.93,11 ,41.91,37.0,0.93
2022,男,台北市,白血病,10.86,202 ,63.02,67.0,17.16
2022,男,台北市,非何杰金氏淋巴瘤,10.7,220 ,65.76,68.0,18.69
2022,男,台北市,漿細胞瘤,1.92,48 ,69.56,69.0,4.08
2022,男,台北市,全癌症,300.94,"6,758 ",67.48,69.0,574.16
2022,男,新北市,口腔、口咽及下咽,35.5,"1,135 ",59.21,59.0,58.3
2022,男,新北市,主唾液腺,1.0,31 ,58.32,58.0,1.59
2022,男,新北市,鼻咽,7.28,211 ,53.9,53.0,10.84
2022,男,新北市,食道,13.1,437 ,62.14,62.0,22.45
2022,男,新北市,胃,14.44,489 ,68.54,68.0,25.12
2022,男,新北市,小腸,1.6,48 ,60.42,60.0,2.47
2022,男,新北市,結直腸,50.0,"1,661 ",65.61,66.0,85.32
2022,男,新北市,肝及肝內膽管,31.92,"1,077 ",65.39,66.0,55.32
2022,男,新北市,膽囊及肝外膽管,2.7,95 ,67.74,68.0,4.88
2022,男,新北市,胰,8.79,297 ,65.59,66.0,15.26
2022,男,新北市,後腹膜腔及腹膜,0.54,13 ,57.92,65.0,0.67
2022,男,新北市,消化器官其他分界不明部位,0.13,4 ,63.25,63.0,0.21
2022,男,新北市,鼻腔、中耳及副鼻竇,1.03,33 ,61.79,64.0,1.7
2022,男,新北市,喉,3.34,113 ,64.03,66.0,5.8
2022,男,新北市,肺、支氣管及氣管,48.47,"1,640 ",66.6,67.0,84.24
2022,男,新北市,胸膜,0.35,13 ,69.31,71.0,0.67
2022,男,新北市,胸腺、心臟與中隔,2.36,68 ,56.6,60.0,3.49
2022,男,新北市,骨、關節及關節軟骨,0.81,16 ,42.44,45.0,0.82
2022,男,新北市,結締組織、皮下組織及其他軟組織,2.86,79 ,58.87,62.0,4.06
2022,男,新北市,皮膚,8.2,269 ,68.87,70.0,13.82
2022,男,新北市,男性乳房,0.41,13 ,59.0,56.0,0.67
2022,男,新北市,攝護腺,45.86,"1,634 ",71.25,71.0,83.93
2022,男,新北市,睪丸,3.72,69 ,32.28,29.0,3.54
2022,男,新北市,其他男性生殖器官,0.45,16 ,67.13,70.0,0.82
2022,男,新北市,膀胱,8.66,300 ,70.9,71.0,15.41
2022,男,新北市,腎,8.15,258 ,59.47,61.0,13.25
2022,男,新北市,腎盂及其他泌尿系統,2.98,105 ,68.86,69.0,5.39
2022,男,新北市,眼及淚腺,0.35,7 ,45.14,53.0,0.36
2022,男,新北市,腦,3.02,76 ,52.62,58.0,3.9
2022,男,新北市,其他神經系統,0.29,9 ,58.67,62.0,0.46
2022,男,新北市,甲狀腺,9.56,255 ,49.97,49.0,13.1
2022,男,新北市,其他內分泌腺,1.2,22 ,40.64,44.5,1.13
2022,男,新北市,其他分界不明的部位,0.23,8 ,66.0,63.0,0.41
2022,男,新北市,不明原發部位,1.71,59 ,69.39,68.0,3.03
2022,男,新北市,何杰金氏淋巴瘤,0.93,19 ,44.32,36.0,0.98
2022,男,新北市,白血病,8.49,239 ,59.87,65.0,12.28
2022,男,新北市,非何杰金氏淋巴瘤,10.98,327 ,61.74,65.0,16.8
2022,男,新北市,漿細胞瘤,2.54,87 ,67.53,68.0,4.47
2022,男,新北市,全癌症,344.13,"11,238 ",64.64,66.0,577.23
2022,女,台北市,口腔、口咽及下咽,3.83,94 ,63.73,63.0,7.21
2022,女,台北市,主唾液腺,0.76,16 ,55.69,56.0,1.23
2022,女,台北市,鼻咽,1.42,32 ,59.91,62.0,2.45
2022,女,台北市,食道,0.68,23 ,75.39,74.0,1.76
2022,女,台北市,胃,7.85,230 ,70.21,70.5,17.64
2022,女,台北市,小腸,0.88,25 ,68.16,70.0,1.92
2022,女,台北市,結直腸,30.29,893 ,69.51,70.0,68.5
2022,女,台北市,肝及肝內膽管,9.08,267 ,71.06,73.0,20.48
2022,女,台北市,膽囊及肝外膽管,1.62,53 ,74.21,75.0,4.07
2022,女,台北市,胰,6.94,205 ,70.2,71.0,15.72
2022,女,台北市,後腹膜腔及腹膜,1.72,38 ,62.74,69.5,2.91
2022,女,台北市,消化器官其他分界不明部位,0.03,1 ,71.0,71.0,0.08
2022,女,台北市,鼻腔、中耳及副鼻竇,0.68,12 ,52.17,57.5,0.92
2022,女,台北市,喉,0.08,2 ,59.5,59.5,0.15
2022,女,台北市,肺、支氣管及氣管,47.44,"1,229 ",64.64,65.0,94.27
2022,女,台北市,胸膜,0.16,4 ,63.75,66.5,0.31
2022,女,台北市,胸腺、心臟與中隔,2.01,47 ,60.34,62.0,3.61
2022,女,台北市,骨、關節及關節軟骨,0.51,5 ,39.0,21.0,0.38
2022,女,台北市,結締組織、皮下組織及其他軟組織,2.25,42 ,59.95,63.0,3.22
2022,女,台北市,皮膚,5.95,184 ,71.65,71.0,14.11
2022,女,台北市,女性乳房,104.66,"2,333 ",58.77,58.0,178.96
2022,女,台北市,子宮頸,6.3,133 ,57.6,59.0,10.2
2022,女,台北市,子宮體,21.45,473 ,57.7,57.0,36.28
2022,女,台北市,卵巢、輸卵管及寬韌帶,10.19,215 ,57.53,56.0,16.49
2022,女,台北市,其他女性生殖器官,1.18,33 ,69.33,70.0,2.53
2022,女,台北市,膀胱,2.22,73 ,74.62,78.0,5.6
2022,女,台北市,腎,3.13,82 ,65.32,68.0,6.29
2022,女,台北市,腎盂及其他泌尿系統,2.72,89 ,73.63,74.0,6.83
2022,女,台北市,眼及淚腺,0.12,2 ,56.0,56.0,0.15
2022,女,台北市,腦,2.51,39 ,52.74,62.0,2.99
2022,女,台北市,其他神經系統,0.12,3 ,65.0,64.0,0.23
2022,女,台北市,甲狀腺,29.39,510 ,50.56,50.0,39.12
2022,女,台北市,其他內分泌腺,1.0,19 ,57.89,61.0,1.46
2022,女,台北市,不明原發部位,0.65,20 ,70.95,69.0,1.53
2022,女,台北市,何杰金氏淋巴瘤,1.6,13 ,25.85,25.0,1.0
2022,女,台北市,白血病,6.52,144 ,62.45,65.5,11.05
2022,女,台北市,非何杰金氏淋巴瘤,8.02,207 ,66.25,68.0,15.88
2022,女,台北市,漿細胞瘤,1.34,40 ,69.48,70.0,3.07
2022,女,台北市,全癌症,327.39,"7,834 ",62.59,63.0,600.92
2022,女,新北市,口腔、口咽及下咽,3.84,147 ,64.56,64.0,7.18
2022,女,新北市,主唾液腺,0.78,24 ,56.71,59.0,1.17
2022,女,新北市,鼻咽,1.82,61 ,55.98,55.0,2.98
2022,女,新北市,食道,1.34,51 ,64.08,64.0,2.49
2022,女,新北市,胃,8.46,334 ,67.0,68.0,16.3
2022,女,新北市,小腸,0.93,35 ,65.43,69.0,1.71
2022,女,新北市,結直腸,32.99,"1,278 ",66.1,67.0,62.38
2022,女,新北市,肝及肝內膽管,10.35,440 ,70.21,70.0,21.48
2022,女,新北市,膽囊及肝外膽管,2.16,91 ,71.07,72.0,4.44
2022,女,新北市,胰,6.36,255 ,68.09,68.0,12.45
2022,女,新北市,後腹膜腔及腹膜,1.02,39 ,63.85,65.0,1.9
2022,女,新北市,消化器官其他分界不明部位,0.05,2 ,74.5,74.5,0.1
2022,女,新北市,鼻腔、中耳及副鼻竇,0.41,15 ,61.27,58.0,0.73
2022,女,新北市,喉,0.23,9 ,65.44,63.0,0.44
2022,女,新北市,肺、支氣管及氣管,39.77,"1,540 ",64.25,64.0,75.17
2022,女,新北市,胸膜,0.18,7 ,65.14,62.0,0.34
2022,女,新北市,胸腺、心臟與中隔,1.86,56 ,54.45,57.0,2.73
2022,女,新北市,骨、關節及關節軟骨,0.53,11 ,49.27,42.0,0.54
2022,女,新北市,結締組織、皮下組織及其他軟組織,2.03,49 ,52.29,60.0,2.39
2022,女,新北市,皮膚,6.69,264 ,69.2,70.0,12.89
2022,女,新北市,女性乳房,105.89,"3,561 ",56.59,56.0,173.82
2022,女,新北市,子宮頸,8.12,253 ,55.26,55.0,12.35
2022,女,新北市,子宮體,21.31,715 ,56.34,56.0,34.9
2022,女,新北市,卵巢、輸卵管及寬韌帶,10.59,337 ,54.93,54.0,16.45
2022,女,新北市,其他女性生殖器官,0.88,32 ,62.97,61.5,1.56
2022,女,新北市,膀胱,2.86,119 ,71.99,73.0,5.81
2022,女,新北市,腎,3.26,113 ,60.78,64.0,5.52
2022,女,新北市,腎盂及其他泌尿系統,3.56,155 ,73.87,75.0,7.57
2022,女,新北市,眼及淚腺,0.14,1 ,0.0,0.0,0.05
2022,女,新北市,腦,1.86,54 ,55.2,61.0,2.64
2022,女,新北市,其他神經系統,0.12,5 ,65.0,67.0,0.24
2022,女,新北市,甲狀腺,27.55,756 ,49.1,49.0,36.9
2022,女,新北市,其他內分泌腺,1.02,23 ,47.3,52.0,1.12
2022,女,新北市,其他分界不明的部位,0.11,1 ,6.0,6.0,0.05
2022,女,新北市,不明原發部位,1.32,55 ,73.42,76.0,2.68
2022,女,新北市,何杰金氏淋巴瘤,1.28,24 ,41.83,37.5,1.17
2022,女,新北市,白血病,7.01,210 ,60.22,64.0,10.25
2022,女,新北市,非何杰金氏淋巴瘤,7.16,262 ,63.97,65.0,12.79
2022,女,新北市,漿細胞瘤,1.85,75 ,66.77,67.0,3.66
2022,女,新北市,全癌症,327.91,"11,468 ",60.53,61.0,559.78
